profession,title,link,date,location,workload,emp_type,company,latitude,longitude
data scientist,Data Scientist,https://www.jobs.ch/en/vacancies/detail/9de7145c-d836-4e00-9b5d-d5f68d83d2ab/,2 weeks ago,lausanne,80 – 100%,Unlimited employment,SamanTree Medical (Switzerland) SA,46.5218269,6.6327025
data scientist,Principal Machine Learning Engineer,https://www.jobs.ch/en/vacancies/detail/d59c316b-8aa2-46af-80da-e69c5b0429e4/,Last week,bern,100%,Unlimited employment,machineMD AG,46.9484742,7.4521749
data scientist,"Head of Data Engineering (f/m/d) | 80-100% | Hybrid working model | Zurich, Switzerland",https://www.jobs.ch/en/vacancies/detail/ef10c72e-4036-4003-9d53-7d4506ae97c9/,Last week,zürich,80 – 100%,Unlimited employment,SMG Swiss Marketplace Group,47.3744489,8.5410422
data scientist,Spezialist Ereignisanalyse und Erfahrungsauswertung 80% - 100% (alle),https://www.jobs.ch/en/vacancies/detail/04c4d29e-3e85-40ab-a240-a554f5bc6956/,2 days ago,kernkraftwerk gösgen-däniken ag,100%,Unlimited employment,Kernkraftwerk Gösgen-Däniken,47.364447,7.9668683
data scientist,ML / Data Science Specialist (80-100%),https://www.jobs.ch/en/vacancies/detail/2bd5fe01-6578-4f61-9f65-60c78bdea265/,19 hours ago,bern,80 – 100%,Unlimited employment,DV Bern,46.9484742,7.4521749
data scientist,Working student in Business Intelligence/ Data analytics (f/m/d),https://www.jobs.ch/en/vacancies/detail/458511d8-5568-4927-bf71-50bfba735a8b/,Last week,gümlingen,40 – 50%,Unlimited employment,Schneider Electric (Schweiz) AG,,
data scientist,Statistische*r Datanalyst*in (60% bis 100%),https://www.jobs.ch/en/vacancies/detail/97aafa5b-0aac-4198-b784-b67b81b529c2/,4 days ago,bern,60 – 100%,Unlimited employment,SwissDRG AG,46.9484742,7.4521749
data scientist,(Senior) Data Science & Data Analytics Consultant 60-100%,https://www.jobs.ch/en/vacancies/detail/5db6db8f-fa05-4456-ad0a-3c317ad00001/,5 days ago,"zürich, lausanne, bern",60 – 100%,Unlimited employment,Eraneos Switzerland AG,,
data scientist,Analyste de données pour le controlling des achats,https://www.jobs.ch/en/vacancies/detail/53fa846d-bd0d-4ec2-94ac-c067bd11b372/,3 weeks ago,berne et travail à domicile,80 – 100%,Unlimited employment,Office fédéral constructions et logistique OFCL,,
data scientist,Head of AI & Data Science (a),https://www.jobs.ch/en/vacancies/detail/3e31c273-be96-4b5a-9cc5-197ed73afa67/,Yesterday,neuchâtel (hybrid),100%,Unlimited employment,Consult & Pepper AG,,
data scientist,Data Analyst (Focus Online-Shops),https://www.jobs.ch/en/vacancies/detail/2a56d90d-aa8a-4e66-9b6a-a56901c79fbf/,Last month,mägenwil,80 – 100%,Unlimited employment,Brack.Alltron AG,47.4122258,8.2301927
data scientist,Datenanalyst/-in Polizeiliche Lage 100%,https://www.jobs.ch/en/vacancies/detail/acaa5589-8677-4dc3-a8e2-9f0ad2f7a758/,3 weeks ago,bern,100%,Unlimited employment,Kantonspolizei Bern,46.9484742,7.4521749
data scientist,(Senior) Data Analyst Marketing (m/f/d),https://www.jobs.ch/en/vacancies/detail/aeb1d50a-523d-4413-bc88-b271df9117c9/,Last week,zürich,80 – 100%,Unlimited employment,Digitec Galaxus AG,47.3744489,8.5410422
data scientist,Datenanalyst/-in Beschaffungscontrolling,https://www.jobs.ch/en/vacancies/detail/68a2d998-d203-4a4d-ac0c-d433c7ae20c3/,3 weeks ago,berna,80 – 100%,Unlimited employment,Bundesamt für Bauten und Logistik BBL,46.9484742,7.4521749
data scientist,Responsable des données de comptage à 100%,https://www.jobs.ch/en/vacancies/detail/bdcfd2f0-b01d-4f03-afa5-fff7557f9330/,3 days ago,nyon,100%,Unlimited employment,Ville de Nyon,46.3820585,6.2402791
data scientist,Data Scientist Asset Finance & Information (alle),https://www.jobs.ch/en/vacancies/detail/00aed0e6-ee7e-49d1-8045-08d88f37c81d/,2 days ago,ostermundigen,80 – 100%,Unlimited employment,BKW Energie AG,46.9582779,7.4911242
data scientist,Digital Biomarker - Data Scientist (m/f/d) (LSW) - BS,https://www.jobs.ch/en/vacancies/detail/990475c3-0da6-45ea-a51d-43a02eb70c77/,5 hours ago,basel,80 – 100%,Temporary,Manpower SA,47.5581077,7.5878261
data scientist,Product Development Intern (f/m/d),https://www.jobs.ch/en/vacancies/detail/b2aee1dc-6c02-4d11-a756-544faaccee74/,Last month,baden,100%,Temporary,Axpo Group,47.4736827,8.3086822
data scientist,BAUINGENIEUR*IN – TECHNISCHE*R LEITER*IN - BERN,https://www.jobs.ch/en/vacancies/detail/af49f05a-ed80-41a6-b714-346dc4aa7de5/,Last month,bern,80 – 100%,Unlimited employment,VSL (Schweiz) AG,46.9484742,7.4521749
data scientist,Full Stack Software Engineer - Java 80-100%,https://www.jobs.ch/en/vacancies/detail/702b44ce-899c-427c-a3f9-496824deda5d/,11 hours ago,zollikofen,80 – 100%,Unlimited employment,Xovis AG,46.9959463,7.4576417
data scientist,Analytical Cloud Software Engineer (all genders),https://www.jobs.ch/en/vacancies/detail/a487f9b3-279d-489f-bffa-0f743b10ebc0/,3 days ago,winterthur,80 – 100%,Unlimited employment,AXA,47.4991723,8.7291498
data scientist,Data Engineer (m/f/d) - 100%,https://www.jobs.ch/en/vacancies/detail/c54a3bfd-110d-49a5-b143-4bcacf471a93/,Yesterday,baar zg,5%,Unlimited employment,ITech Consult AG,47.1951976,8.5253985
data scientist,Scientist Extractables and Leachables (LC-MS and GC-MS),https://www.jobs.ch/en/vacancies/detail/387c59cc-0786-40ab-b849-e30297c81e34/,13 hours ago,kaiseraugst,100%,Unlimited employment,Solvias AG,47.5399823,7.7230178
data scientist,Business Data Specialist,https://www.jobs.ch/en/vacancies/detail/5da3cfe7-b0ee-4725-9f8c-2f89707eb6c2/,Yesterday,chavornay,100%,Unlimited employment,SICPA,46.706261,6.5693871
data scientist,Laboratory Technician/Research Scientist (m/f/d) in Disease Control Micro Profiling Screening,https://www.jobs.ch/en/vacancies/detail/36ffe8e3-de17-4caa-b045-b36eddd09c83/,3 days ago,basel,100%,Unlimited employment,Syngenta,47.5581077,7.5878261
data scientist,Data Rule Manager (w/m/d),https://www.jobs.ch/en/vacancies/detail/a0d14834-e4c8-4542-950f-806d3ebd967a/,Yesterday,zürich,80 – 100%,Temporary,M-Industrie,47.3744489,8.5410422
data scientist,Scientific Researcher Position (80%),https://www.jobs.ch/en/vacancies/detail/ef2e99e6-4e26-49a3-a6cc-f148fb003856/,2 days ago,sion,80%,Temporary,Haute Ecole d'Ingénierie,46.2311749,7.3588795
data scientist,PhD student on enzymatic triggered biocomposite assembly,https://www.jobs.ch/en/vacancies/detail/ea4af159-05b8-4bfd-a33b-dfde6fd60812/,2 days ago,dübendorf,100%,Temporary,EMPA,47.3969942,8.6185666
data scientist,Lab Specialist – Infectious Disease & Oncology Diagnostics,https://www.jobs.ch/en/vacancies/detail/65f32d7a-871d-4bbb-98e4-714f17ad82fc/,3 days ago,rotkreuz,100%,Temporary,ELAN Personal AG,47.1417024,8.4305526
data scientist,Pricing & Data Analyst (m/w/d) - Pensum 50%,https://www.jobs.ch/en/vacancies/detail/46607273-f16b-4abc-859b-30aee20a4a39/,2 weeks ago,reinach bl,50%,Unlimited employment,Montagetechnik BERNER AG,47.4935369,7.5910891
data scientist,Senior Data Analyst (m/w/d) 80-100%,https://www.jobs.ch/en/vacancies/detail/ece83ac1-bf77-4243-a7da-4d7b9b07b81b/,2 weeks ago,volketswil,80 – 100%,Unlimited employment,blue Entertainment AG,47.3898617,8.690503
data scientist,SNSF-funded scientific research position in chemometrics or computational biology,https://www.jobs.ch/en/vacancies/detail/02f30ede-a4bb-4ab4-828c-e5f62f039c8d/,Last week,berne,100%,Temporary,INSELSPITAL,46.9484742,7.4521749
data scientist,Head of Application Science,https://www.jobs.ch/en/vacancies/detail/95afe401-04e3-4393-8ee1-92d050b21008/,4 weeks ago,epalinges,80 – 100%,Unlimited employment,ORYL Photonics SA,46.547327,6.6726245
data scientist,Inventory and Sample Coordinator,https://www.jobs.ch/en/vacancies/detail/f93b39d2-a55e-40ba-b222-780a8da06d7d/,3 weeks ago,arbon,100%,Unlimited employment,Nutreco Switzerland GmbH,47.5149257,9.4304026
data scientist,Projektleiter:in Aufbau Geschäftsstelle FaBe PSM,https://www.jobs.ch/en/vacancies/detail/19eb2a5c-f355-4dd7-b0b0-518591277d6a/,Last month,bern,80 – 100%,Unlimited employment,Lutz & Partner AG Human Resources,46.9484742,7.4521749
data scientist,Mitarbeiter/-in Kundensupport Heimtiere (Customer Contact Center) in D/F (w/m/d) 80–100%,https://www.jobs.ch/en/vacancies/detail/b72d714d-ec9e-4d6f-93a2-a3ff27ac3e70/,Last week,bern,80 – 100%,Unlimited employment,Identitas AG,46.9484742,7.4521749
data scientist,Senior Data Scientist,https://www.jobs.ch/en/vacancies/detail/b5f4ec3c-e1a1-47d3-9b75-c32a2f3cbe7e/,2 months ago,zürich,100%,On AG,Not specified,47.3744489,8.5410422
data scientist,Data Scientist (m/w/d),https://www.jobs.ch/en/vacancies/detail/98e38798-f818-411c-850a-85e2fca3caf6/,Yesterday,basel,80 – 100%,Unlimited employment,Rocken®,47.5581077,7.5878261
data scientist,Data Scientist/Analyst Group Internal Audit 100% (f/m/d),https://www.jobs.ch/en/vacancies/detail/36f3f14d-0951-4f86-8baf-bf3173906b57/,2 days ago,zürich,100%,Bank Julius Bär & Co. AG,Not specified,47.3744489,8.5410422
data scientist,Data Analyst,https://www.jobs.ch/en/vacancies/detail/18888e01-1c25-4db5-918d-2c3b77e3f567/,Last quarter,"warsaw, masovian voivodeship, poland",100%,Unlimited employment,Scandit AG,,
data analyst,Business Analyst - Finance & Accounting (100 %),https://www.jobs.ch/en/vacancies/detail/1de014ff-e4e4-481a-8051-64191c3673d9/,3 days ago,basel,100%,Unlimited employment,Bank CIC (Schweiz) AG,47.5581077,7.5878261
data analyst,Data Analyst (Focus Online-Shops),https://www.jobs.ch/en/vacancies/detail/2a56d90d-aa8a-4e66-9b6a-a56901c79fbf/,Last month,mägenwil,80 – 100%,Unlimited employment,Brack.Alltron AG,47.4122258,8.2301927
data analyst,(Senior) Data Analyst Marketing (m/f/d),https://www.jobs.ch/en/vacancies/detail/aeb1d50a-523d-4413-bc88-b271df9117c9/,Last week,zürich,80 – 100%,Unlimited employment,Digitec Galaxus AG,47.3744489,8.5410422
data analyst,Spezialist Ereignisanalyse und Erfahrungsauswertung 80% - 100% (alle),https://www.jobs.ch/en/vacancies/detail/04c4d29e-3e85-40ab-a240-a554f5bc6956/,2 days ago,kernkraftwerk gösgen-däniken ag,100%,Unlimited employment,Kernkraftwerk Gösgen-Däniken,47.364447,7.9668683
data analyst,ML / Data Science Specialist (80-100%),https://www.jobs.ch/en/vacancies/detail/2bd5fe01-6578-4f61-9f65-60c78bdea265/,19 hours ago,bern,80 – 100%,Unlimited employment,DV Bern,46.9484742,7.4521749
data analyst,Working student in Business Intelligence/ Data analytics (f/m/d),https://www.jobs.ch/en/vacancies/detail/458511d8-5568-4927-bf71-50bfba735a8b/,Last week,gümlingen,40 – 50%,Unlimited employment,Schneider Electric (Schweiz) AG,,
data analyst,Statistische*r Datanalyst*in (60% bis 100%),https://www.jobs.ch/en/vacancies/detail/97aafa5b-0aac-4198-b784-b67b81b529c2/,4 days ago,bern,60 – 100%,Unlimited employment,SwissDRG AG,46.9484742,7.4521749
data analyst,(Senior) Data Science & Data Analytics Consultant 60-100%,https://www.jobs.ch/en/vacancies/detail/5db6db8f-fa05-4456-ad0a-3c317ad00001/,5 days ago,"zürich, lausanne, bern",60 – 100%,Unlimited employment,Eraneos Switzerland AG,,
data analyst,"Head of Data Engineering (f/m/d) | 80-100% | Hybrid working model | Zurich, Switzerland",https://www.jobs.ch/en/vacancies/detail/ef10c72e-4036-4003-9d53-7d4506ae97c9/,Last week,zürich,80 – 100%,Unlimited employment,SMG Swiss Marketplace Group,47.3744489,8.5410422
data analyst,Analyste de données pour le controlling des achats,https://www.jobs.ch/en/vacancies/detail/53fa846d-bd0d-4ec2-94ac-c067bd11b372/,3 weeks ago,berne et travail à domicile,80 – 100%,Unlimited employment,Office fédéral constructions et logistique OFCL,,
data analyst,Head of AI & Data Science (a),https://www.jobs.ch/en/vacancies/detail/3e31c273-be96-4b5a-9cc5-197ed73afa67/,Yesterday,neuchâtel (hybrid),100%,Unlimited employment,Consult & Pepper AG,,
data analyst,Datenanalyst/-in Polizeiliche Lage 100%,https://www.jobs.ch/en/vacancies/detail/acaa5589-8677-4dc3-a8e2-9f0ad2f7a758/,3 weeks ago,bern,100%,Unlimited employment,Kantonspolizei Bern,46.9484742,7.4521749
data analyst,Datenanalyst/-in Beschaffungscontrolling,https://www.jobs.ch/en/vacancies/detail/68a2d998-d203-4a4d-ac0c-d433c7ae20c3/,3 weeks ago,berna,80 – 100%,Unlimited employment,Bundesamt für Bauten und Logistik BBL,46.9484742,7.4521749
data analyst,Principal Machine Learning Engineer,https://www.jobs.ch/en/vacancies/detail/d59c316b-8aa2-46af-80da-e69c5b0429e4/,Last week,bern,100%,Unlimited employment,machineMD AG,46.9484742,7.4521749
data analyst,Data Scientist,https://www.jobs.ch/en/vacancies/detail/9de7145c-d836-4e00-9b5d-d5f68d83d2ab/,2 weeks ago,lausanne,80 – 100%,Unlimited employment,SamanTree Medical (Switzerland) SA,46.5218269,6.6327025
data analyst,Responsable des données de comptage à 100%,https://www.jobs.ch/en/vacancies/detail/bdcfd2f0-b01d-4f03-afa5-fff7557f9330/,3 days ago,nyon,100%,Unlimited employment,Ville de Nyon,46.3820585,6.2402791
data analyst,Pricing & Data Analyst (m/w/d) - Pensum 50%,https://www.jobs.ch/en/vacancies/detail/46607273-f16b-4abc-859b-30aee20a4a39/,2 weeks ago,reinach bl,50%,Unlimited employment,Montagetechnik BERNER AG,47.4935369,7.5910891
data analyst,Senior Data Analyst (m/w/d) 80-100%,https://www.jobs.ch/en/vacancies/detail/ece83ac1-bf77-4243-a7da-4d7b9b07b81b/,2 weeks ago,volketswil,80 – 100%,Unlimited employment,blue Entertainment AG,47.3898617,8.690503
data analyst,Digital Biomarker - Data Scientist (m/f/d) (LSW) - BS,https://www.jobs.ch/en/vacancies/detail/990475c3-0da6-45ea-a51d-43a02eb70c77/,5 hours ago,basel,80 – 100%,Temporary,Manpower SA,47.5581077,7.5878261
data analyst,Business Analyst / Data Architect,https://www.jobs.ch/en/vacancies/detail/f91d2461-f56f-4496-871f-b0d37dc72ba2/,2 days ago,fribourg,100%,Unlimited employment,Cremo SA,46.6789116,7.1027113
data analyst,Lead Business Analyst MDM (mw/d),https://www.jobs.ch/en/vacancies/detail/b54fe055-c391-4132-b8e4-739739f5cca6/,8 hours ago,zürich,100%,Temporary,ITech Consult AG,47.3744489,8.5410422
data analyst,Data Engineer,https://www.jobs.ch/en/vacancies/detail/417b806b-f70f-4002-8cc4-a732404025ce/,3 days ago,lausanne,100%,Unlimited employment,CHF 83 000 - 102 000 /year,46.5218269,6.6327025
data analyst,Business Analyst,https://www.jobs.ch/en/vacancies/detail/07affdc9-76e1-41c9-bb7f-a416f1eef9ac/,Yesterday,bern,80 – 100%,Unlimited employment,RUAG AG,46.9484742,7.4521749
data analyst,Business Analyst (a) in Zürich,https://www.jobs.ch/en/vacancies/detail/3dc85c2e-1249-4925-a24a-834d07c4e2a5/,11 hours ago,"zürich, winterthur, frauenfeld, schaffhausen",80 – 100%,Unlimited employment,Axept Business Software AG,,
data analyst,Senior Application Analyst 80–100 % (m/w/d),https://www.jobs.ch/en/vacancies/detail/ac06e3cc-b22a-4c19-b7ff-4ef3a3e8fa1e/,12 hours ago,balzers,100%,Unlimited employment,Bank Frick AG,47.0540765,9.4996436
data analyst,"Treasury Operations Analyst (w/m), 80-100 %, Rorschach",https://www.jobs.ch/en/vacancies/detail/5add554e-0ce8-443e-8338-96ec161027dc/,Yesterday,rorschach,80 – 100%,Unlimited employment,Würth Management AG,47.4779686,9.4914025
data analyst,Senior HR Business Analyst Workday and ServiceNow 100%,https://www.jobs.ch/en/vacancies/detail/46e28a3e-7f98-4152-98d3-87becf4911e3/,2 days ago,basel-city,100%,Temporary,Michael Page,47.5579097,7.5927728
data analyst,Pricing and Business Analyst,https://www.jobs.ch/en/vacancies/detail/9f08d0fb-47ca-4d1e-9954-7a0fb7c776cb/,3 days ago,prilly,100%,Unlimited employment,SICPA,46.534566,6.6055827
data analyst,Business Data Specialist,https://www.jobs.ch/en/vacancies/detail/5da3cfe7-b0ee-4725-9f8c-2f89707eb6c2/,Yesterday,chavornay,100%,Unlimited employment,SICPA,46.706261,6.5693871
data analyst,Business Analyst - Finance & Accounting (100 %),https://www.jobs.ch/en/vacancies/detail/1de014ff-e4e4-481a-8051-64191c3673d9/,3 days ago,basel,100%,Unlimited employment,Bank CIC (Schweiz) AG,47.5581077,7.5878261
data analyst,Quantitative Analyst (all),https://www.jobs.ch/en/vacancies/detail/13f078fc-3234-456d-b3f3-df2bc2e52e1d/,Last week,bern,80 – 100%,Unlimited employment,BKW Energie AG,46.9484742,7.4521749
data analyst,Group Data Architect - 100% Be the architect of data that drives innovation across Europe's leading,https://www.jobs.ch/en/vacancies/detail/dc8b0893-15b2-4e21-b586-461031371cb5/,2 weeks ago,"cham, switzerland",100%,Unlimited employment,Selecta AG,,
data analyst,Data Scientist Asset Finance & Information (alle),https://www.jobs.ch/en/vacancies/detail/00aed0e6-ee7e-49d1-8045-08d88f37c81d/,2 days ago,ostermundigen,80 – 100%,Unlimited employment,BKW Energie AG,46.9582779,7.4911242
data analyst,Business Analyst - Payments (100 %),https://www.jobs.ch/en/vacancies/detail/4729cebf-e760-4057-9ca3-edb711f3a370/,4 days ago,basel,100%,Unlimited employment,Bank CIC (Schweiz) AG,47.5581077,7.5878261
data analyst,Functional Analyst Syteline ERP 100% (m/f/d),https://www.jobs.ch/en/vacancies/detail/72fa7ab0-d101-4823-a8a5-ea17f5de69b3/,3 weeks ago,witterswil,100%,Unlimited employment,Ovivo Switzerland AG,47.4858554,7.5248795
data analyst,Aftermarket Business Analyst (a),https://www.jobs.ch/en/vacancies/detail/c3e76466-ab54-407f-87dc-3482e97f2855/,Last week,stans,100%,Unlimited employment,Pilatus Flugzeugwerke AG,46.9570611,8.3661026
data analyst,Product Owner Fachbereich «Fakturierung / Debitoren» 60-100% (m/w/d) / Eintritt nach Vereinbarung,https://www.jobs.ch/en/vacancies/detail/8f1ef316-2bcb-4c7b-b461-2fd24ce0446c/,Yesterday,baldegg,60 – 100%,Unlimited employment,Dialog Verwaltungs-Data AG,47.1856852,8.2801699
data analyst,(Senior) Business Analyst Öffentliche Verwaltung 60-100%,https://www.jobs.ch/en/vacancies/detail/6639f057-5742-4217-a543-8acacefeb7f8/,5 days ago,"zürich, lausanne, bern",60 – 100%,Unlimited employment,Eraneos Switzerland AG,,
data analyst,Senior Business Analyst SAC & Datasphere,https://www.jobs.ch/en/vacancies/detail/f663bc44-1f7a-49cb-97cf-b4c526dddea5/,2 weeks ago,bern,60 – 100%,Unlimited employment,BKW Energie AG,46.9484742,7.4521749
data analyst,Data Rule Manager (w/m/d),https://www.jobs.ch/en/vacancies/detail/a0d14834-e4c8-4542-950f-806d3ebd967a/,Yesterday,zürich,80 – 100%,Temporary,M-Industrie,47.3744489,8.5410422
data analyst,IT-Support & Business Analyst 80 - 100%,https://www.jobs.ch/en/vacancies/detail/c5ec4efe-a820-43d4-af1a-9f608124ce4b/,Last week,cham,80 – 100%,Unlimited employment,Heusser Water Solutions AG,47.1823761,8.4611036
python developer,Software Developer (80%) - Hybrid (CH only),https://www.jobs.ch/en/vacancies/detail/67d1c404-f715-4c2a-a379-57f1d58baa9c/,12 hours ago,8001 / zürich,100%,Temporary,Albedis,47.3726868,8.5416947
python developer,Agile Developer in Test,https://www.jobs.ch/en/vacancies/detail/cd849f9e-6ee5-48bc-9062-7ec7abbb7cbe/,Yesterday,zürich,80 – 100%,Unlimited employment,ti&m AG,47.3744489,8.5410422
python developer,Senior Developer (Order Management System),https://www.jobs.ch/en/vacancies/detail/f34941f4-74aa-4633-a72f-e97427139447/,4 weeks ago,zürich,100%,Unlimited employment,Bank J. Safra Sarasin,47.3744489,8.5410422
python developer,E-COMMERCE PERFORMANCE ANALYTICS SPECIALIST 100%,https://www.jobs.ch/en/vacancies/detail/907969f3-1384-4825-b727-c917b9c2932e/,Yesterday,2501 biel/bienne,100%,Unlimited employment,Swatch AG,47.1395798,7.2467143
python developer,Senior System Test Engineer,https://www.jobs.ch/en/vacancies/detail/45a68a26-485b-4496-ad95-8a0a61212385/,Yesterday,les acacias,100%,Unlimited employment,ID Quantique SA,46.1929617,6.1304269
python developer,(Senior) PLC Software Developer for welding machines (m/f/d),https://www.jobs.ch/en/vacancies/detail/33a33395-16f4-438e-aa0a-d71a08af9c18/,4 weeks ago,schaffhausen,100%,Unlimited employment,Georg Fischer,47.6960491,8.634513
python developer,Scientific Researcher Position (80%),https://www.jobs.ch/en/vacancies/detail/ef2e99e6-4e26-49a3-a6cc-f148fb003856/,2 days ago,sion,80%,Temporary,Haute Ecole d'Ingénierie,46.2311749,7.3588795
python developer,Software Engineer,https://www.jobs.ch/en/vacancies/detail/f3935d13-1fc2-40af-8a86-ea995c167ec5/,4 weeks ago,altdorf ur,80 – 100%,Unlimited employment,Kamuno AG,46.8820732,8.6413922
python developer,E-COMMERCE PERFORMANCE ANALYTICS SPECIALIST 100%,https://www.jobs.ch/en/vacancies/detail/3159a112-b9d3-4452-9cd7-3214c784e0b8/,3 weeks ago,"2501 biel/bienne, ch-be",100%,Unlimited employment,Swatch AG,,
python developer,Data Analyst (Focus Online-Shops),https://www.jobs.ch/en/vacancies/detail/2a56d90d-aa8a-4e66-9b6a-a56901c79fbf/,Last month,mägenwil,80 – 100%,Unlimited employment,Brack.Alltron AG,47.4122258,8.2301927
python developer,Software Engineer for Testing Infrastructure,https://www.jobs.ch/en/vacancies/detail/3e3eb3df-4ddc-4323-ab6f-b4982515f94e/,2 weeks ago,stafa,80 – 100%,Unlimited employment,Sonova AG,47.2413349,8.7348747
python developer,(Senior) Data Analyst Marketing (m/f/d),https://www.jobs.ch/en/vacancies/detail/aeb1d50a-523d-4413-bc88-b271df9117c9/,Last week,zürich,80 – 100%,Unlimited employment,Digitec Galaxus AG,47.3744489,8.5410422
python developer,Senior Expert - Vulnerability Management & Defensive Analytics,https://www.jobs.ch/en/vacancies/detail/d32939f7-61bb-4916-ad72-9140d28d19ed/,3 weeks ago,lachen,100%,Unlimited employment,Octapharma AG,47.1923827,8.8523833
python developer,Full Stack (Python/React) Developer,https://www.jobs.ch/en/vacancies/detail/e48a31fb-8ed6-476d-afe4-d89bd801f9e8/,3 months ago,geneva,100%,Unlimited employment,Vitol SA,46.2017559,6.1466014
python developer,Developer Advocate,https://www.jobs.ch/en/vacancies/detail/0e63e44d-6ef7-440e-b4a7-12381da38603/,3 months ago,remote deu,100%,SonarSource SA,Not specified,,
python developer,Java developer,https://www.jobs.ch/en/vacancies/detail/91208553-0c56-4bdf-8a2a-98269972ce5c/,Last year,geneva,100%,Unlimited employment,FinTeX Finance and Technology eXpertise SA,46.2017559,6.1466014
python developer,PL/SQL Developer,https://www.jobs.ch/en/vacancies/detail/01e67170-ea77-4613-977f-c66b2f494a98/,Last quarter,geneva,100%,Unlimited employment,Vitol SA,46.2017559,6.1466014
python developer,Software Developer,https://www.jobs.ch/en/vacancies/detail/3ff63eb4-2730-4ae8-b2ef-75d3642b44f3/,2 months ago,aachen,100%,Unlimited employment,Varo Refining (Cressier) SA,47.4806385,9.4298253
python developer,Senior Backend Developer,https://www.jobs.ch/en/vacancies/detail/303f4b92-65ab-4011-b1db-6abcaeef0aa2/,4 quarters ago,plan,100%,Unlimited employment,Alohi SA,46.9566215,10.3850656
python developer,Data DevOps Engineer,https://www.jobs.ch/en/vacancies/detail/07957a29-fbdc-411f-a847-6af737f10794/,12 hours ago,geneva,100%,Banque Pictet & Cie SA,Not specified,46.2017559,6.1466014
python developer,Senior BI Developer (w/m),https://www.jobs.ch/en/vacancies/detail/7784d2fa-0274-4bfa-8197-8427f0df9034/,2 weeks ago,bern,80 – 100%,Unlimited employment,Galenica AG,46.9484742,7.4521749
python developer,Algorithm Developer Intern,https://www.jobs.ch/en/vacancies/detail/6421edcc-b3ea-41d5-9d53-0b802ab751b1/,3 weeks ago,rolle,100%,Unlimited employment,Sophia Genetics SA,46.4601563,6.3380469
python developer,"Backend Developer (Telephony, Faxing)",https://www.jobs.ch/en/vacancies/detail/88eb2cfe-f3c5-4e4a-bdc6-18877f1ad830/,3 months ago,plan-les-ouates,100%,Unlimited employment,Alohi SA,46.1683113,6.117887
python developer,Agile Developer in Test,https://www.jobs.ch/en/vacancies/detail/cbbb08d6-52ab-4bab-93a4-56731d1bc8fa/,Last year,zürich,100%,Unlimited employment,ti&m AG,47.3744489,8.5410422
python developer,Senior BI Developer (w/m) 80%-100%,https://www.jobs.ch/en/vacancies/detail/2b17a6d3-1898-40b6-9223-2e879dabde72/,2 weeks ago,bern,80 – 100%,Galenica AG,Not specified,46.9484742,7.4521749
python developer,Software Developer Backend (m/w/d),https://www.jobs.ch/en/vacancies/detail/3fd8c1e0-47e7-4ffd-a8a8-cba710c4161d/,Last year,grabs,100%,Unlimited employment,Körber Pharma Packaging AG,47.1816557,9.4446312
python developer,Front Arena Core Risk Developer,https://www.jobs.ch/en/vacancies/detail/12101b4c-268a-4dda-ba27-c37aeae1412b/,2 weeks ago,zürich,100%,Bank Julius Bär & Co. AG,Not specified,47.3744489,8.5410422
python developer,Firmware Embedded Developer - Delvitech,https://www.jobs.ch/en/vacancies/detail/4a3aeebc-77aa-48b2-887f-6a3f33a9a548/,Last quarter,mendrisio,100%,Unlimited employment,Delvitech SA,45.8709661,8.9875293
python developer,Data DevOps Engineer,https://www.jobs.ch/en/vacancies/detail/2babb907-5be5-4542-b1b7-405e9072b34f/,Yesterday,geneva,100%,Banque Pictet & Cie SA,Not specified,46.2017559,6.1466014
python developer,Indico Core Developer (Full-Stack) (IT-CA-CTE-2025-124-GRAP),https://www.jobs.ch/en/vacancies/detail/94f33dcf-4fdd-4c8b-95f1-65f33f667a5f/,2 weeks ago,geneva,CERN European Organization for Nuclear Research,Not specified,Not specified,46.2017559,6.1466014
python developer,Front Arena Core Risk Senior Developer,https://www.jobs.ch/en/vacancies/detail/d133deb2-a3e0-44a3-b114-dc298026e31f/,2 weeks ago,zürich,100%,Bank Julius Bär & Co. AG,Not specified,47.3744489,8.5410422
python developer,Teamcenter Migration Developer / DevOps Engineer,https://www.jobs.ch/en/vacancies/detail/8e22560c-22c3-4255-85b6-941833f7f0ba/,Last week,"basel, geneva, zurich",100%,Unlimited employment,Capgemini Suisse SA,,
python developer,Formateur / développeur Python,https://www.jobs.ch/en/vacancies/detail/91c1a272-aabc-4a3e-99cf-3485e6824882/,Last year,vaumarcus,100%,Unlimited employment,Excelsia S.A.,46.8772258,6.7525002
python developer,Continuously evaluate and implement new technologies and best practices to improve the user experience and platform performance while ensuring a great developer experience.,https://www.jobs.ch/en/vacancies/detail/ce25e172-d888-45f6-b063-a42b4ef232eb/,Last quarter,zürich,100%,Unlimited employment,OnlineDoctor AG,47.3744489,8.5410422
python developer,SAP BW Developer for Finance Applications 80% - 100% (f/m/d) - (Contract through our external payroll partner with immediate start until 31.12.2025 with possible extension),https://www.jobs.ch/en/vacancies/detail/1ebe5636-5879-42e9-a026-804ae13f44b1/,2 months ago,zürich,80 – 100%,Bank Julius Bär & Co. AG,Not specified,47.3744489,8.5410422
python developer,"Schmid & Partner Engineering AG (SPEAG), the leading developer and manufacturer of advanced, efficient, and reliable test equipment for the evaluation of near- and far-field electromagnetic (EM) radiation, EM materials, and their applications, is currently seeking applicants for the post as",https://www.jobs.ch/en/vacancies/detail/87671f7e-41aa-4706-ac1b-a063c4c1af59/,Last year,zürich,100%,Unlimited employment,Schmid & Partner Engineering AG,47.3744489,8.5410422
python developer,Senior Software Development Engineer,https://www.jobs.ch/en/vacancies/detail/a2ff7026-a1fd-4dae-9153-e88868442fc5/,2 months ago,staefa,100%,Unlimited employment,Sonova AG,47.2413349,8.7348747
python developer,R&D Intern Process Development in Sensor Testing,https://www.jobs.ch/en/vacancies/detail/cf3360b7-be58-47e9-965b-10742f06c5a4/,2 months ago,stäfa,100%,Sensirion AG,Not specified,47.2413349,8.7348747
python developer,Salesforce & Data Platform Architect (80%),https://www.jobs.ch/en/vacancies/detail/733afcc8-a402-46ba-9442-fd525360ce5e/,2 months ago,zurich,80%,Unlimited employment,WWF Schweiz,47.3744489,8.5410422
python developer,Prototyping Technician III,https://www.jobs.ch/en/vacancies/detail/0facc3a0-0e97-4f05-996f-20cce58c68fa/,3 weeks ago,zurich,100%,Unlimited employment,Qualitest Group Switzerland AG,47.3744489,8.5410422
data engineer,Data & AI Lakehouse Engineer 80-100% m/w/d,https://www.jobs.ch/en/vacancies/detail/b71783f1-b245-4af4-a3ca-774dfc83138e/,Last week,ibach-schwyz,80 – 100%,Unlimited employment,Victorinox AG,47.012328,8.6436145
data engineer,Professional / Senior ICT System Engineer (m/w/d),https://www.jobs.ch/en/vacancies/detail/cd11ad13-4b1c-4dca-8df4-be732fc09fed/,3 days ago,liestal,80 – 100%,Unlimited employment,EBL (Genossenschaft Elektra Baselland),47.4839723,7.7347783
data engineer,"Senior Data Engineer, 80-100% (w/m/d)",https://www.jobs.ch/en/vacancies/detail/62c0a60d-6ede-4e32-ba7d-591eb1abb725/,2 weeks ago,zürich,80 – 100%,Unlimited employment,Swiss Life AG,47.3744489,8.5410422
data engineer,Mechanical Engineer (w/m/d),https://www.jobs.ch/en/vacancies/detail/ce529ffc-e7e4-4eda-9e7d-d310c7659901/,2 months ago,luzern,100%,Unlimited employment,Schurter AG,47.0505452,8.3054682
data engineer,Operational Technology Engineer (m/w/d) 100%,https://www.jobs.ch/en/vacancies/detail/c9f6a01a-dfbf-49eb-bd04-ef2c33d2b309/,Yesterday,breitenbach,100%,Unlimited employment,beeworx GmbH,47.4078458,7.5443007
data engineer,DevOps Engineer C5I,https://www.jobs.ch/en/vacancies/detail/71b27ae9-e566-487d-8f5a-cf1269128d8b/,2 weeks ago,thun,100%,Unlimited employment,RUAG MRO Holding AG,46.7582827,7.628086
data engineer,Design Engineer,https://www.jobs.ch/en/vacancies/detail/7e26238d-d560-4302-9fc4-45f028680c53/,Last month,oberdiessbach,80 – 100%,Unlimited employment,Hoffmann Neopac AG,46.8399962,7.6192848
data engineer,Plant Engineering & Maintenance Lead (m/f/d),https://www.jobs.ch/en/vacancies/detail/4ab0680a-5881-40a8-a84d-f70114ad4bee/,7 hours ago,muttenz,100%,Unlimited employment,Corden Pharma - A Full-Service CDMO,47.525113,7.6477401
data engineer,DevOps Engineer C5I,https://www.jobs.ch/en/vacancies/detail/093c7bc0-7a46-434e-ace0-991f5d7c3210/,Last week,"thun, bern",80 – 100%,Unlimited employment,RUAG MRO Holding AG,,
data engineer,"Ingenieur/in oder Techniker/in für die Bereiche Heizung, Lüftung / Klima und Sanitär",https://www.jobs.ch/en/vacancies/detail/8a473d15-f3f0-4218-85d9-bcedc4d2cd6e/,Last month,winterthur,80 – 100%,Unlimited employment,Beag Engineering AG,47.4991723,8.7291498
data engineer,Sales Engineer for Upgrades (gn),https://www.jobs.ch/en/vacancies/detail/140723ce-01b5-4c51-ba98-3b6680f0eb35/,Last week,wohlen,100%,Unlimited employment,Oerlikon,47.3504945,8.2786906
data engineer,"Ingenieur FH, Mechanical / Plant Engineer",https://www.jobs.ch/en/vacancies/detail/21052aa0-0338-4aad-9416-666b6573f168/,3 weeks ago,ittigen,80 – 100%,Unlimited employment,Ing. A. Maurer S.A.,46.9790726,7.4815213
data engineer,Projektingenieur:in Infrastruktursicherheit und Umweltrisiken,https://www.jobs.ch/en/vacancies/detail/24b4e363-29dd-4f21-8dec-128929497f11/,2 weeks ago,bern,60 – 100%,Unlimited employment,Emch+Berger AG Bern,46.9484742,7.4521749
data engineer,"Ingenieurgeologen/in, Materialwissenschaftler/in, Chemieingenieur/in 80 - 100%",https://www.jobs.ch/en/vacancies/detail/8e3b988e-3743-4bf4-965c-15dc5da5e223/,3 weeks ago,wildegg,80 – 100%,Unlimited employment,TFB AG,47.4153808,8.1636356
data engineer,Ingenieur Technik Aussendienst D-CH (m/w/d) (100%),https://www.jobs.ch/en/vacancies/detail/3c90d266-af90-485d-872a-030c17c17877/,3 weeks ago,dielsdorf,100%,Unlimited employment,ANCOTECH AG,47.4810371,8.4543245
data engineer,Head of Engineering - Business Platforms & Operations,https://www.jobs.ch/en/vacancies/detail/944d004a-7b37-4ca3-b88c-9e93eac5114c/,2 weeks ago,zürich und/oder mägenwil,80 – 100%,Unlimited employment,Brack.Alltron AG,,
data engineer,Ingenieur/-in Wasserversorgung,https://www.jobs.ch/en/vacancies/detail/7a62e15d-d689-4896-9379-a263efa33c9f/,4 weeks ago,sursee,60 – 100%,Unlimited employment,Hauptsitz,47.1725301,8.1067781
data engineer,Engineering Projektleiter/in | Gebäudetechnik HLKS & Infrastruktur (80-100%),https://www.jobs.ch/en/vacancies/detail/0c3cd72f-ab3d-4f66-a528-32da5c87ae3f/,3 weeks ago,thurgau,100%,Unlimited employment,dasteam ag,47.5859649,9.1428769
data engineer,Ingenieur Fassade/Elementwerk D-CH (m/w/d) (100%),https://www.jobs.ch/en/vacancies/detail/1a0643b5-091d-41b5-abe2-7b5bec912018/,3 weeks ago,dielsdorf,100%,Unlimited employment,ANCOTECH AG,47.4810371,8.4543245
data engineer,Senior CSV-Engineer 80-100% (w/m/d),https://www.jobs.ch/en/vacancies/detail/2fbabd49-80db-40a6-8569-705d61e0ea54/,2 weeks ago,visp,80 – 100%,Unlimited employment,Lonza,46.2913113,7.8811918
data engineer,GIS-Projektleiter*in Werk- und Arealkataster,https://www.jobs.ch/en/vacancies/detail/109e6a3d-cefb-4dc9-87bb-d62494f66bb9/,5 days ago,basel,80 – 100%,Unlimited employment,CHF 95 000 - 130 000 /year,47.5581077,7.5878261
data engineer,Anwendungstechniker:in Application Engineer (80-100%),https://www.jobs.ch/en/vacancies/detail/f0511ce9-886e-4be7-b706-31a095b0d7a1/,Last week,roggwil be,80 – 100%,Unlimited employment,J. SCHNEEBERGER Maschinen AG,47.241147,7.8230774
data engineer,System Engineer (100 %),https://www.jobs.ch/en/vacancies/detail/05a71696-f02b-4112-8d8c-fca64d30ac22/,3 days ago,basel,100%,Unlimited employment,Bank CIC (Schweiz) AG,47.5581077,7.5878261
data engineer,Senior Systems Engineer 80–100 % (m/w/d),https://www.jobs.ch/en/vacancies/detail/462c9c27-8528-40c8-9996-899b7e8c8d51/,2 months ago,schaffhausen,80 – 100%,Unlimited employment,igeeks AG,47.6960491,8.634513
data engineer,"Cloud Operations Engineer (all genders), 80-100%",https://www.jobs.ch/en/vacancies/detail/332843db-82c8-4a8c-b950-4c391a3457b8/,Last week,"baar, baden, bern, zürich",80 – 100%,Unlimited employment,BSI Business Systems Integration AG,,
data engineer,Ingénieur BI senior (f/m/d),https://www.jobs.ch/en/vacancies/detail/db604b1a-574b-45a6-986f-01bee5029d03/,Yesterday,genève,100%,Unlimited employment,Bechtle Suisse SA,46.2017559,6.1466014
data engineer,Ingénieur-e forestier-ère à 70%,https://www.jobs.ch/en/vacancies/detail/3ea2cb37-f502-45a1-8537-c7c6d57cf7fc/,3 days ago,couvet,70%,Unlimited employment,Not specified,46.9261639,6.6343244
data engineer,Ingénieur Modern Workplace (f/m/d),https://www.jobs.ch/en/vacancies/detail/db779f37-d55f-4bb3-a9f3-f574c69a004f/,2 days ago,fribourg,100%,Unlimited employment,Bechtle Suisse SA,46.6789116,7.1027113
data engineer,Ingénieur R&D,https://www.jobs.ch/en/vacancies/detail/f3d502db-5b97-4ede-ae56-a5c0f343ef05/,3 days ago,la chaux-de-fonds,100%,Unlimited employment,Not specified,47.1031321,6.8325778
data engineer,Ingénieur(e) de données,https://www.jobs.ch/en/vacancies/detail/820692ae-80ec-4fc4-b263-d32e94357052/,5 days ago,prilly,80 – 100%,Unlimited employment,FHV Informatique,46.534566,6.6055827
data engineer,Ingénieur-e de test (Senior) 80-100% (H/F),https://www.jobs.ch/en/vacancies/detail/5b8c8b4e-cb53-4cc3-9e3d-72d181cc2679/,5 days ago,boudry,80 – 100%,Unlimited employment,Aptasic SA,46.9487464,6.8358712
data engineer,Data Engineer,https://www.jobs.ch/en/vacancies/detail/417b806b-f70f-4002-8cc4-a732404025ce/,3 days ago,lausanne,100%,Unlimited employment,CHF 83 000 - 102 000 /year,46.5218269,6.6327025
data engineer,Senior Data Engineer,https://www.jobs.ch/en/vacancies/detail/6fc9b0f2-8346-44d5-b3ae-ec06a3b54f19/,3 days ago,lucerne,80 – 100%,Unlimited employment,CHF 130 000 - 145 000 /year,47.0505452,8.3054682
data engineer,"Data Engineer, 80-100%",https://www.jobs.ch/en/vacancies/detail/439d4881-1520-486e-b1f7-339b1fc47959/,Yesterday,zürich,80 – 100%,Unlimited employment,VZ VermögensZentrum,47.3744489,8.5410422
data engineer,Data Engineer (m/f/d) - 100%,https://www.jobs.ch/en/vacancies/detail/c54a3bfd-110d-49a5-b143-4bcacf471a93/,Yesterday,baar zg,5%,Unlimited employment,ITech Consult AG,47.1951976,8.5253985
data engineer,Freelancer – (Junior/Senior) Data Engineer / SQL,https://www.jobs.ch/en/vacancies/detail/818e5ccf-1390-450b-b289-883525419eb6/,3 weeks ago,zürich,60 – 100%,Freelance,KPMG,47.3744489,8.5410422
data engineer,"Head of Data Engineering (f/m/d) | 80-100% | Hybrid working model | Zurich, Switzerland",https://www.jobs.ch/en/vacancies/detail/ef10c72e-4036-4003-9d53-7d4506ae97c9/,Last week,zürich,80 – 100%,Unlimited employment,SMG Swiss Marketplace Group,47.3744489,8.5410422
data engineer,Head of Business Analytics (a),https://www.jobs.ch/en/vacancies/detail/461fb2ea-83df-4ba9-a4cb-a599ccc56bd1/,5 hours ago,zürich,100%,Unlimited employment,CH Media,47.3744489,8.5410422
data engineer,Group Data Architect - 100% Be the architect of data that drives innovation across Europe's leading,https://www.jobs.ch/en/vacancies/detail/dc8b0893-15b2-4e21-b586-461031371cb5/,2 weeks ago,"cham, switzerland",100%,Unlimited employment,Selecta AG,,
data engineer,Teamlead Data Science & Analytics (w/m/d),https://www.jobs.ch/en/vacancies/detail/9a7ae1d5-03f2-4b1e-b0fd-e57218f531bc/,2 days ago,zürich,80 – 100%,Unlimited employment,Digitec Galaxus AG,47.3744489,8.5410422
data engineer,Integration Engineer 100% (m/w/d),https://www.jobs.ch/en/vacancies/detail/d75bfaa2-b9ad-4cf6-8cbd-67bdc3a074c8/,Yesterday,rothenburg,100%,Unlimited employment,Sabag AG,47.0940041,8.2724174
data engineer,Senior Network Engineer,https://www.jobs.ch/en/vacancies/detail/758811a4-dfee-4645-950a-c17a6101bfaf/,Yesterday,basel,95%,Temporary,Swisslinx,47.5581077,7.5878261
data engineer,Layout Engineer - Tendering,https://www.jobs.ch/en/vacancies/detail/1599697e-25b2-4ba0-9150-14930a88c13d/,2 days ago,switzerland,100%,Unlimited employment,Kanadevia Inova,46.7985624,8.2319736
data engineer,Full Stack Software Engineer - Java 80-100%,https://www.jobs.ch/en/vacancies/detail/702b44ce-899c-427c-a3f9-496824deda5d/,11 hours ago,zollikofen,80 – 100%,Unlimited employment,Xovis AG,46.9959463,7.4576417
data engineer,Senior Network Engineer (100%),https://www.jobs.ch/en/vacancies/detail/10c31c25-95b0-4214-9e3a-88232be26435/,Yesterday,marin-epagnier,100%,Unlimited employment,Not specified,47.0091238,6.9999328
data engineer,Professional / Senior ICT System Engineer (m/w/d),https://www.jobs.ch/en/vacancies/detail/cd11ad13-4b1c-4dca-8df4-be732fc09fed/,3 days ago,liestal,80 – 100%,Unlimited employment,EBL (Genossenschaft Elektra Baselland),47.4839723,7.7347783
data engineer,System Engineer (100 %),https://www.jobs.ch/en/vacancies/detail/05a71696-f02b-4112-8d8c-fca64d30ac22/,3 days ago,basel,100%,Unlimited employment,Bank CIC (Schweiz) AG,47.5581077,7.5878261
data manager,Data Management Officer (w/m/d) - 80%-100%,https://www.jobs.ch/en/vacancies/detail/a1d60eef-7e79-487e-a30f-20cb007d1b72/,2 weeks ago,reinach,80 – 100%,Unlimited employment,Endress+Hauser,47.4935369,7.5910891
data manager,Manager Customer Service,https://www.jobs.ch/en/vacancies/detail/c5239cc0-4dc4-4ee6-a12c-ba3e2e1d6ebf/,Last week,bern,80 – 100%,Unlimited employment,Vetrotech Saint-Gobain,46.9484742,7.4521749
data manager,Clinical Data Manager (m/f/d),https://www.jobs.ch/en/vacancies/detail/6435ec1e-6e43-4ce9-9207-44a092d62470/,Last week,nottwil,100%,Unlimited employment,UNIpersonal AG,47.1378546,8.1318599
data manager,Data Manager Materialstammdaten 80-90% (w/m/d),https://www.jobs.ch/en/vacancies/detail/9a346433-37cb-43b8-9c21-ece37b1f6d58/,3 days ago,lupfig,80 – 90%,Unlimited employment,Antalis AG,47.4397165,8.2013965
data manager,Data Rule Manager (w/m/d),https://www.jobs.ch/en/vacancies/detail/a0d14834-e4c8-4542-950f-806d3ebd967a/,Yesterday,zürich,80 – 100%,Temporary,M-Industrie,47.3744489,8.5410422
data manager,Data Governance Manager,https://www.jobs.ch/en/vacancies/detail/7a4d99dc-d10b-4655-b67e-3e7a26a93fde/,2 months ago,basel,100%,Unlimited employment,Bank J. Safra Sarasin,47.5581077,7.5878261
data manager,Stammdatenmanager*in,https://www.jobs.ch/en/vacancies/detail/4614e4bb-bf20-47b8-8ab9-755d18243a6c/,Last month,moosseedorf,80 – 100%,Unlimited employment,Marti Dienstleistungen AG,47.0163655,7.4839011
data manager,Data Engineer (m/f/d) - 100%,https://www.jobs.ch/en/vacancies/detail/c54a3bfd-110d-49a5-b143-4bcacf471a93/,Yesterday,baar zg,5%,Unlimited employment,ITech Consult AG,47.1951976,8.5253985
data manager,(Senior) Manager Data & AI 80-100%,https://www.jobs.ch/en/vacancies/detail/6129d812-5b44-4be8-a778-4c557d119514/,5 days ago,zürich oder bern,80 – 100%,Unlimited employment,Eraneos Switzerland AG,,
data manager,(Senior) Energiedatenmanager:in 80-100% (m/w/d),https://www.jobs.ch/en/vacancies/detail/6ce7c203-a32f-4120-9610-f1d6d266e1e1/,Last week,kriens,80 – 100%,Unlimited employment,swenex - swiss energy exchange AG,47.034146,8.2807994
data manager,Master Data Management Specialist,https://www.jobs.ch/en/vacancies/detail/e2f93752-0ffb-4a8c-8bcc-248c5453a964/,2 weeks ago,schmerikon,100%,Unlimited employment,Wild & Küpfer AG,47.2256001,8.9415774
data manager,Master Data Management Coordinator 100%,https://www.jobs.ch/en/vacancies/detail/f7a3d234-93cb-4d6f-b85b-933097b22bce/,Last month,luzern,100%,Unlimited employment,Schurter AG,47.0505452,8.3054682
data manager,Senior Data Analyst (m/w/d) 80-100%,https://www.jobs.ch/en/vacancies/detail/ece83ac1-bf77-4243-a7da-4d7b9b07b81b/,2 weeks ago,volketswil,80 – 100%,Unlimited employment,blue Entertainment AG,47.3898617,8.690503
data manager,Fachspezialist/-in Datenmanagement und Enterprise Architektur,https://www.jobs.ch/en/vacancies/detail/d745ed60-73fb-4d9a-a263-ef46641f9633/,2 days ago,thun,80 – 100%,Unlimited employment,Das Bundesamt für Zivildienst ZIVI,46.7582827,7.628086
data manager,Data Manager:in 70-100% mit starken technischen Skills,https://www.jobs.ch/en/vacancies/detail/78dc06b0-c7dc-407f-8639-b4024d5e9de9/,3 weeks ago,raum bern und teilweise im homeoffice,70 – 100%,Unlimited employment,p3b ag,,
data manager,Daten Architekt,https://www.jobs.ch/en/vacancies/detail/5433e8ae-1084-4495-875e-e9e4c6f0aee3/,2 weeks ago,"thun, berne, schweiz",80 – 100%,Unlimited employment,Safeguard Global,,
data manager,Gestionnaire des données de base,https://www.jobs.ch/en/vacancies/detail/efd7dd40-fc78-47b8-9291-691a7a9df01f/,Last month,moosseedorf,80 – 100%,Unlimited employment,Marti Dienstleistungen AG,47.0163655,7.4839011
data manager,Datacenter Spezialist mit VMware und NetApp Betriebserfahrung (22118 / 60-100% Pensum),https://www.jobs.ch/en/vacancies/detail/c5656ef1-f9df-4d4a-8471-6333a2eb4740/,2 weeks ago,baden,60 – 100%,Freelance,IQ Plus AG,47.4736827,8.3086822
data manager,Data Center Shift Technician - Steige ein in die Zukunft der Technik!,https://www.jobs.ch/en/vacancies/detail/e4ab1dd8-164a-40c6-a6db-e5131baf3584/,3 weeks ago,zürich altstetten,100%,Unlimited employment,ISS Schweiz AG,47.3913167,8.4893332
data manager,Business Data Specialist,https://www.jobs.ch/en/vacancies/detail/5da3cfe7-b0ee-4725-9f8c-2f89707eb6c2/,Yesterday,chavornay,100%,Unlimited employment,SICPA,46.706261,6.5693871
data manager,GESTIONNAIRE DES DONNÉES RÉFÉRENTIELLES – 100 %,https://www.jobs.ch/en/vacancies/detail/60ba3f16-d91b-470b-a007-6b7ef58e96fb/,Yesterday,genève,100%,Unlimited employment,CHF 102 000 - 110 000 /year,46.2017559,6.1466014
data manager,Application Manager (80 - 100%),https://www.jobs.ch/en/vacancies/detail/5c74dce8-24f9-4959-ab96-e17aa296b64e/,3 weeks ago,bern,80 – 100%,Unlimited employment,Justitia 4.0,46.9484742,7.4521749
data manager,Relationship Manager Financing - Corporate Clients (100 %),https://www.jobs.ch/en/vacancies/detail/e998163a-c946-4b49-8c7b-72562c713345/,3 days ago,lugano,100%,Unlimited employment,Bank CIC (Schweiz) AG,46.0050102,8.9520281
data manager,Application Manager (80 - 100%),https://www.jobs.ch/en/vacancies/detail/5c74dce8-24f9-4959-ab96-e17aa296b64e/,3 weeks ago,bern,80 – 100%,Unlimited employment,Justitia 4.0,46.9484742,7.4521749
data manager,Associate Manager Administration 80 -100%,https://www.jobs.ch/en/vacancies/detail/50671144-aed1-44c4-80cd-d7879a46396a/,3 weeks ago,3008  (bern),80 – 100%,Unlimited employment,Swiss Cancer Institute,46.9451019,7.4138983
data manager,"Data Engineer, 80-100%",https://www.jobs.ch/en/vacancies/detail/439d4881-1520-486e-b1f7-339b1fc47959/,Yesterday,zürich,80 – 100%,Unlimited employment,VZ VermögensZentrum,47.3744489,8.5410422
data manager,Account Manager,https://www.jobs.ch/en/vacancies/detail/88e15860-c9f2-44da-b7f9-a78007dc9fe0/,5 hours ago,aarau,100%,Temporary,Manpower SA,47.3927146,8.0444448
data manager,Key Account Manager,https://www.jobs.ch/en/vacancies/detail/e641b8d6-4b69-4807-ba8d-3bcf6affdc48/,11 hours ago,meilen zh,100%,Unlimited employment,Stettler Consulting AG,47.270428,8.6412249
data manager,Territory Manager Dental,https://www.jobs.ch/en/vacancies/detail/92acfbea-aca9-4763-9546-c4685952e571/,11 hours ago,region deutschschweiz,100%,Unlimited employment,Stettler Consulting AG,,
data manager,Lean Manager 100% (m/w/d),https://www.jobs.ch/en/vacancies/detail/74abf24d-b5e1-4814-bbee-0ce985cabe44/,8 hours ago,kleinlützel,100%,Unlimited employment,ASSA ABLOY Schweiz AG,47.4259552,7.4172702
data manager,AI Governance Manager 80 - 100% (w/m/d),https://www.jobs.ch/en/vacancies/detail/b6558310-7dcb-4acc-9b20-c95c5432fbe0/,15 hours ago,zürich,80 – 100%,Unlimited employment,LGT,47.3744489,8.5410422
data manager,Tourist Information Manager 100% (w/m/d),https://www.jobs.ch/en/vacancies/detail/e3fbc0dd-3d92-4b4c-89df-3a54781f7900/,13 hours ago,bern,100%,Unlimited employment,Bern Welcome,46.9484742,7.4521749
data manager,Manager Finanzen/Controlling (M/F/D) 100 %,https://www.jobs.ch/en/vacancies/detail/f674c750-b9e5-405a-9d83-2a52920fdeba/,12 hours ago,beringen,100%,Unlimited employment,STRATEC Switzerland AG,47.6975693,8.5733833
data manager,(Senior) Manager - People Advisory Services - Reward (Zurich),https://www.jobs.ch/en/vacancies/detail/2db2e785-69ef-4d0b-b80b-b7f9f2ef1ed3/,19 hours ago,zurich,100%,Unlimited employment,EY (Ernst & Young AG),47.3744489,8.5410422
data manager,Product Manager Wein/Schaumwein,https://www.jobs.ch/en/vacancies/detail/cc7d346b-3466-46bc-b17d-11f1156c7e70/,Yesterday,zürich,80 – 100%,Unlimited employment,Denner AG,47.3744489,8.5410422
data manager,"Business Development Manager BI/Data, Outils collaboratifs et ECM / Villars-sur-Glâne / Gland",https://www.jobs.ch/en/vacancies/detail/9840b370-32c2-4d44-b09c-4ad998ae21e3/,Yesterday,villars-sur-glâne,100%,Unlimited employment,Tebicom,46.791321,7.1161892
data manager,Facility Services Manager,https://www.jobs.ch/en/vacancies/detail/3b84a304-827f-4b0b-a768-9491b089c75a/,Yesterday,villars-sur-glâne,100%,Unlimited employment,Leatech SA,46.791321,7.1161892
data manager,"Business Development Manager (100%, f/m)",https://www.jobs.ch/en/vacancies/detail/63317c11-76c5-4bbe-8dbe-0a64a25ee367/,Yesterday,versoix,100%,Unlimited employment,Keller Swiss Group AG,46.2773064,6.168962
data manager,User Access Manager,https://www.jobs.ch/en/vacancies/detail/0197ca34-ef61-4eb9-80f9-6e0149391732/,2 days ago,basel,100%,Unlimited employment,Bank J. Safra Sarasin,47.5581077,7.5878261
data manager,Digital Transformation & Automation Manager m/w/d 100%,https://www.jobs.ch/en/vacancies/detail/78b6a77c-2295-4b61-8836-e26a86f54f79/,Yesterday,dübendorf,100%,Unlimited employment,Biomed AG,47.3969942,8.6185666
data manager,Senior Sales Manager (a),https://www.jobs.ch/en/vacancies/detail/85b43a10-ea91-4c38-aab2-69ffd9a8d2c4/,2 days ago,kreuzlingen,80 – 100%,Unlimited employment,Peak Personal GmbH,47.6464362,9.1725621
data manager,Technical Product / Account Manager 100 % m/w/d,https://www.jobs.ch/en/vacancies/detail/67c89756-6be8-4ca4-b7ad-2733760b1922/,Yesterday,kappel,100%,Unlimited employment,Schmitz Cargobull Schweiz AG,47.3229823,7.8495476
data manager,Account manager PUBLIC à 80-100% (H/F),https://www.jobs.ch/en/vacancies/detail/5ae48a84-03ba-4294-a1ef-5de93acea8a0/,Yesterday,suisse romande,100%,Unlimited employment,Groupe T2i Suisse SA,46.5269552,6.6546209
data manager,Finance Manager Accounting & Controlling 80% - 100% (m/w/d),https://www.jobs.ch/en/vacancies/detail/3d73bbcb-b640-4610-85aa-054e4fc24380/,Yesterday,adliswil,80 – 100%,Unlimited employment,Infopro Digital Schweiz GmbH,47.3117624,8.52491
data manager,"Quality Manager / Fachtechnisch verantwortliche Person FvP D/E/F, 80-100% (w/m/d)",https://www.jobs.ch/en/vacancies/detail/967ea92e-8bb5-4f6b-878d-600288f71b7b/,Yesterday,wetzikon,80 – 100%,Unlimited employment,Five Office Ltd,47.3226925,8.7980939
data manager,Relationship Manager Financing - Corporate Clients (100 %),https://www.jobs.ch/en/vacancies/detail/e998163a-c946-4b49-8c7b-72562c713345/,3 days ago,lugano,100%,Unlimited employment,Bank CIC (Schweiz) AG,46.0050102,8.9520281
data manager,Research Associate Spine (a) 100%,https://www.jobs.ch/en/vacancies/detail/a6a386a9-7bb0-4179-821e-ed39052142ff/,Last week,"lengghalde 2, zürich",100%,Unlimited employment,Schulthess Klinik,,
data architect,Group Data Architect - 100% Be the architect of data that drives innovation across Europe's leading,https://www.jobs.ch/en/vacancies/detail/dc8b0893-15b2-4e21-b586-461031371cb5/,2 weeks ago,"cham, switzerland",100%,Unlimited employment,Selecta AG,,
data architect,Data Architect - Data Product Owner 80-100%,https://www.jobs.ch/en/vacancies/detail/bfd5b81f-769b-4cce-82d6-126ddb95edb6/,2 days ago,colombier ne,80 – 100%,Unlimited employment,Banque Cantonale Neuchâteloise,46.9698719,6.8587597
data architect,Data Engineer,https://www.jobs.ch/en/vacancies/detail/417b806b-f70f-4002-8cc4-a732404025ce/,3 days ago,lausanne,100%,Unlimited employment,CHF 83 000 - 102 000 /year,46.5218269,6.6327025
data architect,Data Architect,https://www.jobs.ch/en/vacancies/detail/237f30dd-77cf-4499-a97c-5689a847fc49/,6 days ago,bern,80 – 100%,Unlimited employment,Atupri Gesundheitsversicherung AG,46.9484742,7.4521749
data architect,Business Analyst / Data Architect,https://www.jobs.ch/en/vacancies/detail/f91d2461-f56f-4496-871f-b0d37dc72ba2/,2 days ago,fribourg,100%,Unlimited employment,Cremo SA,46.6789116,7.1027113
data architect,Daten Architekt,https://www.jobs.ch/en/vacancies/detail/5433e8ae-1084-4495-875e-e9e4c6f0aee3/,2 weeks ago,"thun, berne, schweiz",80 – 100%,Unlimited employment,Safeguard Global,,
data architect,Senior Qlik Business Intelligence Consultant,https://www.jobs.ch/en/vacancies/detail/9e51c523-67d0-40e6-bc88-f65958c735fe/,Last week,zürich,100%,Unlimited employment,LIONSCOUT GmbH,47.3744489,8.5410422
data architect,Data Scientist Asset Finance & Information (alle),https://www.jobs.ch/en/vacancies/detail/00aed0e6-ee7e-49d1-8045-08d88f37c81d/,2 days ago,ostermundigen,80 – 100%,Unlimited employment,BKW Energie AG,46.9582779,7.4911242
data architect,"Head of Data Engineering (f/m/d) | 80-100% | Hybrid working model | Zurich, Switzerland",https://www.jobs.ch/en/vacancies/detail/ef10c72e-4036-4003-9d53-7d4506ae97c9/,Last week,zürich,80 – 100%,Unlimited employment,SMG Swiss Marketplace Group,47.3744489,8.5410422
data architect,Mulesoft Integration Architect (w/m/d),https://www.jobs.ch/en/vacancies/detail/432a0ef0-6048-40f0-b864-4392d1b3de7d/,2 weeks ago,baden,100%,Unlimited employment,Axpo Group,47.4736827,8.3086822
data architect,Software Architect Expert 80-100%,https://www.jobs.ch/en/vacancies/detail/9a731fc2-2768-44bd-ad19-3328c0ec2e17/,Last month,zug,80 – 100%,Unlimited employment,Siemens Schweiz AG,47.1486137,8.5539378
data architect,Software System Architect,https://www.jobs.ch/en/vacancies/detail/58deae51-24ba-43bd-a3a3-7bc3e062cb6e/,Last week,frauenfeld,100%,Unlimited employment,Wärtsilä Services Switzerland Ltd.,47.5561915,8.8963347
data architect,ICT Architect C5I,https://www.jobs.ch/en/vacancies/detail/d063a5e0-2f59-4bf7-8874-1c06c6f0015b/,Last week,"thun, bern",80 – 100%,Unlimited employment,RUAG MRO Holding AG,,
data architect,ICT Architect C5I,https://www.jobs.ch/en/vacancies/detail/112c8ae8-0ee8-49b0-a42c-0ee57b08c52b/,2 weeks ago,thun,80 – 100%,Unlimited employment,RUAG AG,46.7582827,7.628086
data architect,Cloud Infrastructure Architect (a),https://www.jobs.ch/en/vacancies/detail/9775dd19-626b-4434-838e-5af68a4a272a/,6 days ago,bern-liebefeld,80 – 100%,Unlimited employment,aity AG,46.9370572,7.4164624
data architect,(Senior) Manager – IT Architect – Technology Strategy & Transformation,https://www.jobs.ch/en/vacancies/detail/fb408354-d012-46a5-8f23-f5fe50453891/,6 days ago,zurich,80 – 100%,Unlimited employment,Deloitte AG,47.3744489,8.5410422
data architect,Software Engineer,https://www.jobs.ch/en/vacancies/detail/f09896a6-d070-48db-879c-22b973678bb5/,2 days ago,yverdon-les-bains,100%,Unlimited employment,Leclanché e-Mobility SA,46.7785711,6.6409158
data architect,DataWarehouse - Datenbank-Architekt (m/w) 100%,https://www.jobs.ch/en/vacancies/detail/a6348d04-f535-475a-986b-bc3039b67773/,Last month,romanshorn,100%,Unlimited employment,Avosano,47.5654452,9.3776036
data architect,"Enterprise Architect, 80-100% (ID 1803)",https://www.jobs.ch/en/vacancies/detail/b30fab83-7737-49d9-90bd-88a8995c972a/,2 weeks ago,davos platz,80 – 100%,Unlimited employment,AO Foundation,46.7917679,9.8210273
data architect,Senior Solution Architect/Project Manager SAP EWM,https://www.jobs.ch/en/vacancies/detail/fe356fca-ae51-42cd-9c33-8e9bf99c6021/,Last week,zürich,100%,Unlimited employment,Sika Gesellschaften in der Schweiz,47.3744489,8.5410422
data architect,"ICT Architect, domaine Sécurité, Justice et Sport",https://www.jobs.ch/en/vacancies/detail/ec08febc-cf16-43ce-932b-75d012b8415e/,5 days ago,givisiez,80 – 100%,Unlimited employment,Etat de Fribourg,46.8145053,7.1295693
data architect,Lead DevOps Engineer – cloud application,https://www.jobs.ch/en/vacancies/detail/56afcf0f-238c-48d6-966b-8f5e251ad519/,2 weeks ago,nänikon-greifensee,100%,Unlimited employment,Mettler Toledo,47.3695444,8.6859458
data architect,Guidewire Developer (m/w/d) 80 - 100%,https://www.jobs.ch/en/vacancies/detail/4680acb9-3367-4b76-bfe9-b8971904c572/,3 weeks ago,ch - zürich,80 – 100%,Unlimited employment,Zürich Versicherungs-Gesellschaft AG / Zurich Insurance Company Ltd / Zurich Compagnie d'Assurances SA,47.3866172,8.5158116
data architect,Senior Software Engineer Spring Boot (m/w),https://www.jobs.ch/en/vacancies/detail/78243e4c-9e9c-46a0-abf9-f8dff9b26900/,2 weeks ago,urdorf,80 – 100%,Unlimited employment,Ärztekasse Genossenschaft,47.384708,8.4259004
data architect,New Development System Engineer (f/m/d) 100%,https://www.jobs.ch/en/vacancies/detail/dedbb9f2-d77b-44b5-bee0-a3a1d306b6d6/,Last week,wettingen,100%,Unlimited employment,GUTOR Electronic LLC,47.465839,8.3266114
data architect,Data Architect,https://www.jobs.ch/en/vacancies/detail/c48d2b6d-744f-4fdb-b681-4261c2d045b7/,Last year,zürich,100%,Unlimited employment,ti&m AG,47.3744489,8.5410422
data architect,Group Data Architect – 100%,https://www.jobs.ch/en/vacancies/detail/b2c968db-4aa7-42b9-b165-89077f7b546d/,2 months ago,cham,100%,Unlimited employment,Selecta AG,47.1823761,8.4611036
data architect,Senior Data Architect (m/w/d),https://www.jobs.ch/en/vacancies/detail/4c1a7a44-0b52-457d-8b33-6fb841fb7d53/,7 hours ago,basel,80 – 100%,Unlimited employment,Rocken®,47.5581077,7.5878261
data architect,Leitender Data Architect (m/w/d),https://www.jobs.ch/en/vacancies/detail/33c76ae2-e68d-4345-a9a7-8e956d183f46/,7 hours ago,olten,80 – 100%,Unlimited employment,Rocken®,47.3496571,7.903787
data architect,(Senior) Manager – Data Architect – Artificial Intelligence & Data,https://www.jobs.ch/en/vacancies/detail/fe51433d-fe3e-41f3-b178-5dbd47431f6e/,2 days ago,geneva,80 – 100%,Unlimited employment,Deloitte AG,46.2017559,6.1466014
data architect,Data Platform Architect,https://www.jobs.ch/en/vacancies/detail/3c90d8ba-d658-4abd-b8d5-81c8a49506fd/,Last year,pfaeffikon (summelenweg),100%,Unlimited employment,LGT Capital Partners AG,,
data architect,Data Architect Intern,https://www.jobs.ch/en/vacancies/detail/b765faac-48e3-44b9-bcd3-c2f570a96e74/,3 quarters ago,basel (city),100%,Novartis AG,Not specified,47.5579097,7.5927728
data architect,Data Architect - Data Product Owner 80-100%,https://www.jobs.ch/en/vacancies/detail/7d92986b-daf0-45ba-ad14-51d67a9d804e/,3 weeks ago,colombier,80 – 100%,Unlimited employment,Banque cantonale neuchâteloise,46.9698719,6.8587597
data architect,"Data Engineer (pySpark, Azure Synapse)",https://www.jobs.ch/en/vacancies/detail/f5a468a1-1446-4afe-9f85-90ebbcaf9bbb/,Last month,geneva,100%,Unlimited employment,Capgemini Suisse SA,46.2017559,6.1466014
data architect,"Sicheres, gewinnendes Auftreten und Freude am Umgang mit Kunden",https://www.jobs.ch/en/vacancies/detail/5d4a28a1-6b75-4f01-a293-7f06bed99e89/,3 quarters ago,zürich,100%,Unlimited employment,Polynorm Software AG,47.3744489,8.5410422
data architect,Technical Associate Director Data Architecture,https://www.jobs.ch/en/vacancies/detail/15cbebd0-29b9-4029-879e-5c21504515d5/,Last quarter,basel (city),100%,Novartis AG,Not specified,47.5579097,7.5927728
data architect,Senior Data Engineer (m/w/d),https://www.jobs.ch/en/vacancies/detail/18d19f49-6884-40bc-8065-14a79c9145ef/,11 hours ago,basel,80 – 100%,Unlimited employment,Rocken®,47.5581077,7.5878261
data architect,Salesforce & Data Platform Architect (80%),https://www.jobs.ch/en/vacancies/detail/733afcc8-a402-46ba-9442-fd525360ce5e/,2 months ago,zurich,80%,Unlimited employment,WWF Schweiz,47.3744489,8.5410422
data architect,IT Solution Architect Cloud (m/w/d),https://www.jobs.ch/en/vacancies/detail/8dafbd45-2bc8-4a43-bf0b-34919c845516/,5 hours ago,zürich,80 – 100%,Unlimited employment,Rocken®,47.3744489,8.5410422
data architect,Freelancer - Experienced Data Migration & Cut-Over Architect,https://www.jobs.ch/en/vacancies/detail/1d3fa0b4-6658-4c6a-8d6a-56fd5983f01a/,Last week,zürich,100%,KPMG,Not specified,47.3744489,8.5410422
big data analyst,Spezialist Ereignisanalyse und Erfahrungsauswertung 80% - 100% (alle),https://www.jobs.ch/en/vacancies/detail/04c4d29e-3e85-40ab-a240-a554f5bc6956/,2 days ago,kernkraftwerk gösgen-däniken ag,100%,Unlimited employment,Kernkraftwerk Gösgen-Däniken,47.364447,7.9668683
big data analyst,ML / Data Science Specialist (80-100%),https://www.jobs.ch/en/vacancies/detail/2bd5fe01-6578-4f61-9f65-60c78bdea265/,19 hours ago,bern,80 – 100%,Unlimited employment,DV Bern,46.9484742,7.4521749
big data analyst,Statistische*r Datanalyst*in (60% bis 100%),https://www.jobs.ch/en/vacancies/detail/97aafa5b-0aac-4198-b784-b67b81b529c2/,4 days ago,bern,60 – 100%,Unlimited employment,SwissDRG AG,46.9484742,7.4521749
big data analyst,(Senior) Data Science & Data Analytics Consultant 60-100%,https://www.jobs.ch/en/vacancies/detail/5db6db8f-fa05-4456-ad0a-3c317ad00001/,5 days ago,"zürich, lausanne, bern",60 – 100%,Unlimited employment,Eraneos Switzerland AG,,
big data analyst,Working student in Business Intelligence/ Data analytics (f/m/d),https://www.jobs.ch/en/vacancies/detail/458511d8-5568-4927-bf71-50bfba735a8b/,Last week,gümlingen,40 – 50%,Unlimited employment,Schneider Electric (Schweiz) AG,,
big data analyst,Head of AI & Data Science (a),https://www.jobs.ch/en/vacancies/detail/3e31c273-be96-4b5a-9cc5-197ed73afa67/,Yesterday,neuchâtel (hybrid),100%,Unlimited employment,Consult & Pepper AG,,
big data analyst,Analyste de données pour le controlling des achats,https://www.jobs.ch/en/vacancies/detail/53fa846d-bd0d-4ec2-94ac-c067bd11b372/,3 weeks ago,berne et travail à domicile,80 – 100%,Unlimited employment,Office fédéral constructions et logistique OFCL,,
big data analyst,"Head of Data Engineering (f/m/d) | 80-100% | Hybrid working model | Zurich, Switzerland",https://www.jobs.ch/en/vacancies/detail/ef10c72e-4036-4003-9d53-7d4506ae97c9/,Last week,zürich,80 – 100%,Unlimited employment,SMG Swiss Marketplace Group,47.3744489,8.5410422
big data analyst,Data Analyst (Focus Online-Shops),https://www.jobs.ch/en/vacancies/detail/2a56d90d-aa8a-4e66-9b6a-a56901c79fbf/,Last month,mägenwil,80 – 100%,Unlimited employment,Brack.Alltron AG,47.4122258,8.2301927
big data analyst,Datenanalyst/-in Polizeiliche Lage 100%,https://www.jobs.ch/en/vacancies/detail/acaa5589-8677-4dc3-a8e2-9f0ad2f7a758/,3 weeks ago,bern,100%,Unlimited employment,Kantonspolizei Bern,46.9484742,7.4521749
big data analyst,(Senior) Data Analyst Marketing (m/f/d),https://www.jobs.ch/en/vacancies/detail/aeb1d50a-523d-4413-bc88-b271df9117c9/,Last week,zürich,80 – 100%,Unlimited employment,Digitec Galaxus AG,47.3744489,8.5410422
big data analyst,Datenanalyst/-in Beschaffungscontrolling,https://www.jobs.ch/en/vacancies/detail/68a2d998-d203-4a4d-ac0c-d433c7ae20c3/,3 weeks ago,berna,80 – 100%,Unlimited employment,Bundesamt für Bauten und Logistik BBL,46.9484742,7.4521749
big data analyst,Principal Machine Learning Engineer,https://www.jobs.ch/en/vacancies/detail/d59c316b-8aa2-46af-80da-e69c5b0429e4/,Last week,bern,100%,Unlimited employment,machineMD AG,46.9484742,7.4521749
big data analyst,Data Scientist,https://www.jobs.ch/en/vacancies/detail/9de7145c-d836-4e00-9b5d-d5f68d83d2ab/,2 weeks ago,lausanne,80 – 100%,Unlimited employment,SamanTree Medical (Switzerland) SA,46.5218269,6.6327025
big data analyst,Responsable des données de comptage à 100%,https://www.jobs.ch/en/vacancies/detail/bdcfd2f0-b01d-4f03-afa5-fff7557f9330/,3 days ago,nyon,100%,Unlimited employment,Ville de Nyon,46.3820585,6.2402791
big data analyst,Digital Biomarker - Data Scientist (m/f/d) (LSW) - BS,https://www.jobs.ch/en/vacancies/detail/990475c3-0da6-45ea-a51d-43a02eb70c77/,5 hours ago,basel,80 – 100%,Temporary,Manpower SA,47.5581077,7.5878261
big data analyst,Business Data Specialist,https://www.jobs.ch/en/vacancies/detail/5da3cfe7-b0ee-4725-9f8c-2f89707eb6c2/,Yesterday,chavornay,100%,Unlimited employment,SICPA,46.706261,6.5693871
big data analyst,Group Data Architect - 100% Be the architect of data that drives innovation across Europe's leading,https://www.jobs.ch/en/vacancies/detail/dc8b0893-15b2-4e21-b586-461031371cb5/,2 weeks ago,"cham, switzerland",100%,Unlimited employment,Selecta AG,,
big data analyst,Data Scientist Asset Finance & Information (alle),https://www.jobs.ch/en/vacancies/detail/00aed0e6-ee7e-49d1-8045-08d88f37c81d/,2 days ago,ostermundigen,80 – 100%,Unlimited employment,BKW Energie AG,46.9582779,7.4911242
big data analyst,Data Rule Manager (w/m/d),https://www.jobs.ch/en/vacancies/detail/a0d14834-e4c8-4542-950f-806d3ebd967a/,Yesterday,zürich,80 – 100%,Temporary,M-Industrie,47.3744489,8.5410422
big data analyst,Pricing & Data Analyst (m/w/d) - Pensum 50%,https://www.jobs.ch/en/vacancies/detail/46607273-f16b-4abc-859b-30aee20a4a39/,2 weeks ago,reinach bl,50%,Unlimited employment,Montagetechnik BERNER AG,47.4935369,7.5910891
big data analyst,Senior Data Analyst (m/w/d) 80-100%,https://www.jobs.ch/en/vacancies/detail/ece83ac1-bf77-4243-a7da-4d7b9b07b81b/,2 weeks ago,volketswil,80 – 100%,Unlimited employment,blue Entertainment AG,47.3898617,8.690503
big data analyst,Projektleiter:in Aufbau Geschäftsstelle FaBe PSM,https://www.jobs.ch/en/vacancies/detail/19eb2a5c-f355-4dd7-b0b0-518591277d6a/,Last month,bern,80 – 100%,Unlimited employment,Lutz & Partner AG Human Resources,46.9484742,7.4521749
big data analyst,Mitarbeiter/-in Kundensupport Heimtiere (Customer Contact Center) in D/F (w/m/d) 80–100%,https://www.jobs.ch/en/vacancies/detail/b72d714d-ec9e-4d6f-93a2-a3ff27ac3e70/,Last week,bern,80 – 100%,Unlimited employment,Identitas AG,46.9484742,7.4521749
big data analyst,Data Analyst Officer,https://www.jobs.ch/en/vacancies/detail/3310c62e-e3bc-4ab4-acd0-350d47a25766/,2 weeks ago,geneva,100%,Unlimited employment,International Labour Organization (ILO),46.2017559,6.1466014
big data analyst,Data Scientist/Analyst Group Internal Audit 100% (f/m/d),https://www.jobs.ch/en/vacancies/detail/36f3f14d-0951-4f86-8baf-bf3173906b57/,2 days ago,zürich,100%,Bank Julius Bär & Co. AG,Not specified,47.3744489,8.5410422
big data analyst,Data Analyst,https://www.jobs.ch/en/vacancies/detail/18888e01-1c25-4db5-918d-2c3b77e3f567/,Last quarter,"warsaw, masovian voivodeship, poland",100%,Unlimited employment,Scandit AG,,
big data analyst,Data Scientist (m/w/d),https://www.jobs.ch/en/vacancies/detail/98e38798-f818-411c-850a-85e2fca3caf6/,Yesterday,basel,80 – 100%,Unlimited employment,Rocken®,47.5581077,7.5878261
big data analyst,Financial Instrument Data Specialist 100% f/m/d,https://www.jobs.ch/en/vacancies/detail/00dbd679-97ca-4b00-bc53-16327db2c192/,3 weeks ago,zürich,100%,Bank Julius Bär & Co. AG,Not specified,47.3744489,8.5410422
big data analyst,"stagiaire en droit (h/f) - 100%, entrée en fonction le le 1er février 2026 ou le 1er mai 2026 (Indiquer la date de début de stage préférée lors de la candidature)",https://www.jobs.ch/en/vacancies/detail/e326fcd1-8159-47e5-9d66-01b0f5933339/,3 months ago,bern,100%,Unlimited employment,Eidgenössisches Institut für Geistiges Eigentum,46.9484742,7.4521749
big data analyst,Data Analyst,https://www.jobs.ch/en/vacancies/detail/3491e2d9-d3fc-49cf-be0d-18c264e6f40f/,Last quarter,tampere,100%,Unlimited employment,Scandit AG,,
big data analyst,Senior Data Scientist,https://www.jobs.ch/en/vacancies/detail/b5f4ec3c-e1a1-47d3-9b75-c32a2f3cbe7e/,2 months ago,zürich,100%,On AG,Not specified,47.3744489,8.5410422
big data analyst,"Data Analytics Consultant (Zurich, Switzerland)",https://www.jobs.ch/en/vacancies/detail/8af26909-d4b8-4a09-8223-edbbebb00150/,Last year,zürich,100%,Unlimited employment,D ONE Value Creation AG,47.3744489,8.5410422
big data analyst,Business Data Specialist,https://www.jobs.ch/en/vacancies/detail/3fdd45f0-29cf-465f-aa23-86eabf1ffb8d/,2 months ago,chavornay,100%,Unlimited employment,SICPA HOLDING SA,46.706261,6.5693871
big data analyst,Open Application: Zurich,https://www.jobs.ch/en/vacancies/detail/dc4cdc16-3b69-4b10-9a8a-bb831d8c2650/,Last year,zurich,100%,Unlimited employment,KCAP GmbH,47.3744489,8.5410422
big data analyst,(Senior) Data Science & Data Analytics Consultant 60-100%,https://www.jobs.ch/en/vacancies/detail/146052e2-d801-40f3-af1b-d4530b29b271/,Last year,zurich,60 – 100%,Unlimited employment,Eraneos Switzerland AG,47.3744489,8.5410422
big data analyst,Clinical Data Analyst/Statistician at Santhera Pharmaceuticals,https://www.jobs.ch/en/vacancies/detail/8506282c-5849-4c1c-beab-169cea03e455/,2 quarters ago,pratteln,100%,Unlimited employment,Santhera Pharmaceuticals (Schweiz) AG,47.5192013,7.6944741
big data analyst,Data Analyst / Data Engineer Messtechnik,https://www.jobs.ch/en/vacancies/detail/b325b223-ff7b-4d35-8fe8-c90278485e55/,3 weeks ago,dietikon,80 – 100%,Unlimited employment,enersuisse ag,47.4050746,8.4030765
big data analyst,Senior Data Analyst (m/w/d) 80-100%,https://www.jobs.ch/en/vacancies/detail/554811b5-0ccb-4a03-80c8-af0182884392/,2 weeks ago,volketswil,80 – 100%,Unlimited employment,Blue Entertainment AG,47.3898617,8.690503
big data analyst,Data & Analytics Manager / Expert,https://www.jobs.ch/en/vacancies/detail/922562dc-cc55-46c5-91bc-fecb017c2e11/,3 months ago,lis,100%,Unlimited employment,"Unilabs, Laboratoire d'analyses médicales SA",46.9353323,7.4505595
data python,Research Associate Spine (a) 100%,https://www.jobs.ch/en/vacancies/detail/a6a386a9-7bb0-4179-821e-ed39052142ff/,Last week,"lengghalde 2, zürich",100%,Unlimited employment,Schulthess Klinik,,
data python,"Cloud Operations Engineer (all genders), 80-100%",https://www.jobs.ch/en/vacancies/detail/332843db-82c8-4a8c-b950-4c391a3457b8/,Last week,"baar, baden, bern, zürich",80 – 100%,Unlimited employment,BSI Business Systems Integration AG,,
data python,"Data Engineer, 80-100%",https://www.jobs.ch/en/vacancies/detail/439d4881-1520-486e-b1f7-339b1fc47959/,Yesterday,zürich,80 – 100%,Unlimited employment,VZ VermögensZentrum,47.3744489,8.5410422
data python,Data Rule Manager (w/m/d),https://www.jobs.ch/en/vacancies/detail/a0d14834-e4c8-4542-950f-806d3ebd967a/,Yesterday,zürich,80 – 100%,Temporary,M-Industrie,47.3744489,8.5410422
data python,Data Engineer (m/f/d) - 100%,https://www.jobs.ch/en/vacancies/detail/c54a3bfd-110d-49a5-b143-4bcacf471a93/,Yesterday,baar zg,5%,Unlimited employment,ITech Consult AG,47.1951976,8.5253985
data python,Senior Data Engineer,https://www.jobs.ch/en/vacancies/detail/6fc9b0f2-8346-44d5-b3ae-ec06a3b54f19/,3 days ago,lucerne,80 – 100%,Unlimited employment,CHF 130 000 - 145 000 /year,47.0505452,8.3054682
data python,Head of AI & Data Science (a),https://www.jobs.ch/en/vacancies/detail/3e31c273-be96-4b5a-9cc5-197ed73afa67/,Yesterday,neuchâtel (hybrid),100%,Unlimited employment,Consult & Pepper AG,,
data python,Data Engineer,https://www.jobs.ch/en/vacancies/detail/417b806b-f70f-4002-8cc4-a732404025ce/,3 days ago,lausanne,100%,Unlimited employment,CHF 83 000 - 102 000 /year,46.5218269,6.6327025
data python,Teamlead Data Science & Analytics (w/m/d),https://www.jobs.ch/en/vacancies/detail/9a7ae1d5-03f2-4b1e-b0fd-e57218f531bc/,2 days ago,zürich,80 – 100%,Unlimited employment,Digitec Galaxus AG,47.3744489,8.5410422
data python,(Senior) Data Platform- & Data Engineering-Consultant 60-100%,https://www.jobs.ch/en/vacancies/detail/f6ef2764-327d-4809-b818-0632ddc9ad6a/,5 days ago,zürich oder bern,60 – 100%,Unlimited employment,Eraneos Switzerland AG,,
data python,Data Scientist Asset Finance & Information (alle),https://www.jobs.ch/en/vacancies/detail/00aed0e6-ee7e-49d1-8045-08d88f37c81d/,2 days ago,ostermundigen,80 – 100%,Unlimited employment,BKW Energie AG,46.9582779,7.4911242
data python,(Senior) Data Science & Data Analytics Consultant 60-100%,https://www.jobs.ch/en/vacancies/detail/5db6db8f-fa05-4456-ad0a-3c317ad00001/,5 days ago,"zürich, lausanne, bern",60 – 100%,Unlimited employment,Eraneos Switzerland AG,,
data python,Head of Business Analytics (a),https://www.jobs.ch/en/vacancies/detail/461fb2ea-83df-4ba9-a4cb-a599ccc56bd1/,5 hours ago,zürich,100%,Unlimited employment,CH Media,47.3744489,8.5410422
data python,Data Scientist,https://www.jobs.ch/en/vacancies/detail/9de7145c-d836-4e00-9b5d-d5f68d83d2ab/,2 weeks ago,lausanne,80 – 100%,Unlimited employment,SamanTree Medical (Switzerland) SA,46.5218269,6.6327025
data python,Software Developer (80%) - Hybrid (CH only),https://www.jobs.ch/en/vacancies/detail/67d1c404-f715-4c2a-a379-57f1d58baa9c/,12 hours ago,8001 / zürich,100%,Temporary,Albedis,47.3726868,8.5416947
data python,AI Consultant – HCM Transformation (Workday Integration) (m/f/d),https://www.jobs.ch/en/vacancies/detail/aea26be5-36a3-417b-adec-87bb6b2f0885/,5 hours ago,basel,100%,"Unlimited employment, Temporary",Aequor Consulting GmbH,47.5581077,7.5878261
data python,Data Analyst (Focus Online-Shops),https://www.jobs.ch/en/vacancies/detail/2a56d90d-aa8a-4e66-9b6a-a56901c79fbf/,Last month,mägenwil,80 – 100%,Unlimited employment,Brack.Alltron AG,47.4122258,8.2301927
data python,RESPONSABLE DE DONNÉES ÉNERGIE (H/F) à 100%,https://www.jobs.ch/en/vacancies/detail/c08a4f51-bad2-4cb5-b0db-3e635f20055c/,11 hours ago,crissier,100%,Unlimited employment,SIE SA,46.5538658,6.5772501
data python,Biostatistiker/in / Epidemiologe/in (m/w/d) 60-80%,https://www.jobs.ch/en/vacancies/detail/da77729b-cb47-45ef-9944-0677dd2ad8ba/,Yesterday,zürich,60 – 80%,Unlimited employment,Foundation National Institute for Cancer Epidemiology and Registration (NICER),47.3744489,8.5410422
data python,E-COMMERCE PERFORMANCE ANALYTICS SPECIALIST 100%,https://www.jobs.ch/en/vacancies/detail/907969f3-1384-4825-b727-c917b9c2932e/,Yesterday,2501 biel/bienne,100%,Unlimited employment,Swatch AG,47.1395798,7.2467143
data python,(Senior) Data Analyst Marketing (m/f/d),https://www.jobs.ch/en/vacancies/detail/aeb1d50a-523d-4413-bc88-b271df9117c9/,Last week,zürich,80 – 100%,Unlimited employment,Digitec Galaxus AG,47.3744489,8.5410422
data python,Werkstudent:in KI-gestütztes Wissensmanagement (20-40%),https://www.jobs.ch/en/vacancies/detail/5360f09a-cd0c-4b93-bc51-1143b8bf402f/,Yesterday,basel,20 – 40%,"Unlimited employment, Internship, Supplementary income",Schnetzer Puskas Ingenieure AG Basel,47.5581077,7.5878261
data python,CHEF(FE) DE PROJET ENERGIE ET EXPLOITATION (80-100%),https://www.jobs.ch/en/vacancies/detail/131e9a8b-deb9-4da3-b7b3-ae7a22e2a541/,Yesterday,plan-les-ouates,80 – 100%,Unlimited employment,Energy Management SA,46.1683113,6.117887
data python,Microsoft 365 Engineer/in (m/w) (80% - 100%),https://www.jobs.ch/en/vacancies/detail/7d7fa898-2076-4150-a84d-0864eadb2c65/,Yesterday,jona,80 – 100%,Unlimited employment,Stadt Rapperswil-Jona,47.2299661,8.837658
data python,Agile Developer in Test,https://www.jobs.ch/en/vacancies/detail/cd849f9e-6ee5-48bc-9062-7ec7abbb7cbe/,Yesterday,zürich,80 – 100%,Unlimited employment,ti&m AG,47.3744489,8.5410422
data python,Business Analyst,https://www.jobs.ch/en/vacancies/detail/07affdc9-76e1-41c9-bb7f-a416f1eef9ac/,Yesterday,bern,80 – 100%,Unlimited employment,RUAG AG,46.9484742,7.4521749
data python,TECHNICAL & QUALITY LEATHER SENIOR EXPERT,https://www.jobs.ch/en/vacancies/detail/5b0156a8-c599-4cd0-924e-d143cc55e021/,2 days ago,neuchâtel,100%,Unlimited employment,AQC,46.9895828,6.9292641
data python,Software Engineer,https://www.jobs.ch/en/vacancies/detail/f09896a6-d070-48db-879c-22b973678bb5/,2 days ago,yverdon-les-bains,100%,Unlimited employment,Leclanché e-Mobility SA,46.7785711,6.6409158
data python,Scientific Researcher Position (80%),https://www.jobs.ch/en/vacancies/detail/ef2e99e6-4e26-49a3-a6cc-f148fb003856/,2 days ago,sion,80%,Temporary,Haute Ecole d'Ingénierie,46.2311749,7.3588795
data python,Internal Auditor Senior Manager,https://www.jobs.ch/en/vacancies/detail/0c6a27a6-f859-4abf-9944-fb98024a98c0/,2 days ago,plan-les-ouates,100%,Unlimited employment,Groupe L'OCCITANE,46.1683113,6.117887
data python,Analytical Cloud Software Engineer (all genders),https://www.jobs.ch/en/vacancies/detail/a487f9b3-279d-489f-bffa-0f743b10ebc0/,3 days ago,winterthur,80 – 100%,Unlimited employment,AXA,47.4991723,8.7291498
data python,System Engineer C5I,https://www.jobs.ch/en/vacancies/detail/e74a04fc-5ec6-4a4f-b45b-1b7ddd829262/,3 days ago,thun,100%,Unlimited employment,C5I,46.7582827,7.628086
data python,Software Development Engineer in Test (SDET),https://www.jobs.ch/en/vacancies/detail/ca164b35-2778-493e-b1f0-27be6ea1bb7f/,3 days ago,biel,80 – 100%,Unlimited employment,AKROS AG,47.1402077,7.2439029
data python,1 Responsable Etudes et développements ferroviaires (80-100%),https://www.jobs.ch/en/vacancies/detail/4fb55b09-e8cb-4fd9-a37b-4bfec156d07c/,3 days ago,tavannes,80 – 100%,Unlimited employment,Chemins de fer du Jura,47.220131,7.1986691
data python,Ingénieur réseau / DevOps (f/m/d),https://www.jobs.ch/en/vacancies/detail/cdc1dc6f-0afc-40d6-a4c9-a4ecdb292448/,3 days ago,petit-lancy,100%,Unlimited employment,Bechtle Suisse SA,46.1909747,6.1200687
data python,Software Engineer,https://www.jobs.ch/en/vacancies/detail/f3935d13-1fc2-40af-8a86-ea995c167ec5/,4 weeks ago,altdorf ur,80 – 100%,Unlimited employment,Kamuno AG,46.8820732,8.6413922
data python,"Business Intelligence Manager 100%, (a)",https://www.jobs.ch/en/vacancies/detail/85110e6b-57b3-431e-9c80-073c71208d75/,Last month,zug,100%,Unlimited employment,CSN Mining International GmbH,47.1486137,8.5539378
data python,Principal Machine Learning Engineer,https://www.jobs.ch/en/vacancies/detail/d59c316b-8aa2-46af-80da-e69c5b0429e4/,Last week,bern,100%,Unlimited employment,machineMD AG,46.9484742,7.4521749
data python,R&D Intern in the field of chemical gas sensors,https://www.jobs.ch/en/vacancies/detail/1c0e4445-af21-4da5-a51a-04d262dc706c/,2 weeks ago,stäfa,100%,Internship,Sensirion AG,47.2413349,8.7348747
data python,E-COMMERCE PERFORMANCE ANALYTICS SPECIALIST 100%,https://www.jobs.ch/en/vacancies/detail/3159a112-b9d3-4452-9cd7-3214c784e0b8/,3 weeks ago,"2501 biel/bienne, ch-be",100%,Unlimited employment,Swatch AG,,
data python,Research Associate Spine (a) 100%,https://www.jobs.ch/en/vacancies/detail/a6a386a9-7bb0-4179-821e-ed39052142ff/,Last week,"lengghalde 2, zürich",100%,Unlimited employment,Schulthess Klinik,,
data python,"Praktikantin / Praktikant Kriminalanalyse (80 - 100 %), befristet für 6 bis 12 Monate",https://www.jobs.ch/en/vacancies/detail/979a992c-dc94-4445-ab9a-31484d310f01/,Last week,zug,80 – 100%,Internship,Zuger Polizei,47.1486137,8.5539378
