profession,title,link,date,location,workload,emp_type,company
data%20scientist,Data Scientist,https://www.jobs.ch/en/vacancies/detail/9de7145c-d836-4e00-9b5d-d5f68d83d2ab/,2 weeks ago,Lausanne,80 – 100%,Unlimited employment,SamanTree Medical (Switzerland) SA
data%20scientist,Principal Machine Learning Engineer,https://www.jobs.ch/en/vacancies/detail/d59c316b-8aa2-46af-80da-e69c5b0429e4/,Last week,Bern,100%,Unlimited employment,machineMD AG
data%20scientist,"Head of Data Engineering (f/m/d) | 80-100% | Hybrid working model | Zurich, Switzerland",https://www.jobs.ch/en/vacancies/detail/ef10c72e-4036-4003-9d53-7d4506ae97c9/,Last week,Zürich,80 – 100%,Unlimited employment,SMG Swiss Marketplace Group
data%20scientist,Spezialist Ereignisanalyse und Erfahrungsauswertung 80% - 100% (alle),https://www.jobs.ch/en/vacancies/detail/04c4d29e-3e85-40ab-a240-a554f5bc6956/,2 days ago,Kernkraftwerk Gösgen-Däniken AG,100%,Unlimited employment,Kernkraftwerk Gösgen-Däniken
data%20scientist,ML / Data Science Specialist (80-100%),https://www.jobs.ch/en/vacancies/detail/2bd5fe01-6578-4f61-9f65-60c78bdea265/,19 hours ago,Bern,80 – 100%,Unlimited employment,DV Bern
data%20scientist,Working student in Business Intelligence/ Data analytics (f/m/d),https://www.jobs.ch/en/vacancies/detail/458511d8-5568-4927-bf71-50bfba735a8b/,Last week,Gümlingen,40 – 50%,Unlimited employment,Schneider Electric (Schweiz) AG
data%20scientist,Statistische*r Datanalyst*in (60% bis 100%),https://www.jobs.ch/en/vacancies/detail/97aafa5b-0aac-4198-b784-b67b81b529c2/,4 days ago,Bern,60 – 100%,Unlimited employment,SwissDRG AG
data%20scientist,(Senior) Data Science & Data Analytics Consultant 60-100%,https://www.jobs.ch/en/vacancies/detail/5db6db8f-fa05-4456-ad0a-3c317ad00001/,5 days ago,"Zürich, Lausanne, Bern",60 – 100%,Unlimited employment,Eraneos Switzerland AG
data%20scientist,Analyste de données pour le controlling des achats,https://www.jobs.ch/en/vacancies/detail/53fa846d-bd0d-4ec2-94ac-c067bd11b372/,3 weeks ago,Berne et travail à domicile,80 – 100%,Unlimited employment,Office fédéral constructions et logistique OFCL
data%20scientist,Head of AI & Data Science (a),https://www.jobs.ch/en/vacancies/detail/3e31c273-be96-4b5a-9cc5-197ed73afa67/,Yesterday,Neuchâtel (Hybrid),100%,Unlimited employment,Consult & Pepper AG
data%20scientist,Data Analyst (Focus Online-Shops),https://www.jobs.ch/en/vacancies/detail/2a56d90d-aa8a-4e66-9b6a-a56901c79fbf/,Last month,Mägenwil,80 – 100%,Unlimited employment,Brack.Alltron AG
data%20scientist,Datenanalyst/-in Polizeiliche Lage 100%,https://www.jobs.ch/en/vacancies/detail/acaa5589-8677-4dc3-a8e2-9f0ad2f7a758/,3 weeks ago,Bern,100%,Unlimited employment,Kantonspolizei Bern
data%20scientist,(Senior) Data Analyst Marketing (m/f/d),https://www.jobs.ch/en/vacancies/detail/aeb1d50a-523d-4413-bc88-b271df9117c9/,Last week,Zürich,80 – 100%,Unlimited employment,Digitec Galaxus AG
data%20scientist,Datenanalyst/-in Beschaffungscontrolling,https://www.jobs.ch/en/vacancies/detail/68a2d998-d203-4a4d-ac0c-d433c7ae20c3/,3 weeks ago,Berna,80 – 100%,Unlimited employment,Bundesamt für Bauten und Logistik BBL
data%20scientist,Responsable des données de comptage à 100%,https://www.jobs.ch/en/vacancies/detail/bdcfd2f0-b01d-4f03-afa5-fff7557f9330/,3 days ago,Nyon,100%,Unlimited employment,Ville de Nyon
data%20scientist,Data Scientist Asset Finance & Information (alle),https://www.jobs.ch/en/vacancies/detail/00aed0e6-ee7e-49d1-8045-08d88f37c81d/,2 days ago,Ostermundigen,80 – 100%,Unlimited employment,BKW Energie AG
data%20scientist,Digital Biomarker - Data Scientist (m/f/d) (LSW) - BS,https://www.jobs.ch/en/vacancies/detail/990475c3-0da6-45ea-a51d-43a02eb70c77/,5 hours ago,Basel,80 – 100%,Temporary,Manpower SA
data%20scientist,Product Development Intern (f/m/d),https://www.jobs.ch/en/vacancies/detail/b2aee1dc-6c02-4d11-a756-544faaccee74/,Last month,Baden,100%,Temporary,Axpo Group
data%20scientist,BAUINGENIEUR*IN – TECHNISCHE*R LEITER*IN - BERN,https://www.jobs.ch/en/vacancies/detail/af49f05a-ed80-41a6-b714-346dc4aa7de5/,Last month,Bern,80 – 100%,Unlimited employment,VSL (Schweiz) AG
data%20scientist,Full Stack Software Engineer - Java 80-100%,https://www.jobs.ch/en/vacancies/detail/702b44ce-899c-427c-a3f9-496824deda5d/,11 hours ago,Zollikofen,80 – 100%,Unlimited employment,Xovis AG
data%20scientist,Analytical Cloud Software Engineer (all genders),https://www.jobs.ch/en/vacancies/detail/a487f9b3-279d-489f-bffa-0f743b10ebc0/,3 days ago,Winterthur,80 – 100%,Unlimited employment,AXA
data%20scientist,Data Engineer (m/f/d) - 100%,https://www.jobs.ch/en/vacancies/detail/c54a3bfd-110d-49a5-b143-4bcacf471a93/,Yesterday,Baar ZG,5%,Unlimited employment,ITech Consult AG
data%20scientist,Scientist Extractables and Leachables (LC-MS and GC-MS),https://www.jobs.ch/en/vacancies/detail/387c59cc-0786-40ab-b849-e30297c81e34/,13 hours ago,Kaiseraugst,100%,Unlimited employment,Solvias AG
data%20scientist,Business Data Specialist,https://www.jobs.ch/en/vacancies/detail/5da3cfe7-b0ee-4725-9f8c-2f89707eb6c2/,Yesterday,Chavornay,100%,Unlimited employment,SICPA
data%20scientist,Laboratory Technician/Research Scientist (m/f/d) in Disease Control Micro Profiling Screening,https://www.jobs.ch/en/vacancies/detail/36ffe8e3-de17-4caa-b045-b36eddd09c83/,3 days ago,Basel,100%,Unlimited employment,Syngenta
data%20scientist,Data Rule Manager (w/m/d),https://www.jobs.ch/en/vacancies/detail/a0d14834-e4c8-4542-950f-806d3ebd967a/,Yesterday,Zürich,80 – 100%,Temporary,M-Industrie
data%20scientist,Scientific Researcher Position (80%),https://www.jobs.ch/en/vacancies/detail/ef2e99e6-4e26-49a3-a6cc-f148fb003856/,2 days ago,Sion,80%,Temporary,Haute Ecole d'Ingénierie
data%20scientist,PhD student on enzymatic triggered biocomposite assembly,https://www.jobs.ch/en/vacancies/detail/ea4af159-05b8-4bfd-a33b-dfde6fd60812/,2 days ago,Dübendorf,100%,Temporary,EMPA
data%20scientist,Lab Specialist – Infectious Disease & Oncology Diagnostics,https://www.jobs.ch/en/vacancies/detail/65f32d7a-871d-4bbb-98e4-714f17ad82fc/,3 days ago,Rotkreuz,100%,Temporary,ELAN Personal AG
data%20scientist,Pricing & Data Analyst (m/w/d) - Pensum 50%,https://www.jobs.ch/en/vacancies/detail/46607273-f16b-4abc-859b-30aee20a4a39/,2 weeks ago,Reinach BL,50%,Unlimited employment,Montagetechnik BERNER AG
data%20scientist,Senior Data Analyst (m/w/d) 80-100%,https://www.jobs.ch/en/vacancies/detail/ece83ac1-bf77-4243-a7da-4d7b9b07b81b/,2 weeks ago,Volketswil,80 – 100%,Unlimited employment,blue Entertainment AG
data%20scientist,SNSF-funded scientific research position in chemometrics or computational biology,https://www.jobs.ch/en/vacancies/detail/02f30ede-a4bb-4ab4-828c-e5f62f039c8d/,Last week,Berne,100%,Temporary,INSELSPITAL
data%20scientist,Head of Application Science,https://www.jobs.ch/en/vacancies/detail/95afe401-04e3-4393-8ee1-92d050b21008/,4 weeks ago,Epalinges,80 – 100%,Unlimited employment,ORYL Photonics SA
data%20scientist,Inventory and Sample Coordinator,https://www.jobs.ch/en/vacancies/detail/f93b39d2-a55e-40ba-b222-780a8da06d7d/,3 weeks ago,Arbon,100%,Unlimited employment,Nutreco Switzerland GmbH
data%20scientist,Projektleiter:in Aufbau Geschäftsstelle FaBe PSM,https://www.jobs.ch/en/vacancies/detail/19eb2a5c-f355-4dd7-b0b0-518591277d6a/,Last month,Bern,80 – 100%,Unlimited employment,Lutz & Partner AG Human Resources
data%20scientist,Mitarbeiter/-in Kundensupport Heimtiere (Customer Contact Center) in D/F (w/m/d) 80–100%,https://www.jobs.ch/en/vacancies/detail/b72d714d-ec9e-4d6f-93a2-a3ff27ac3e70/,Last week,Bern,80 – 100%,Unlimited employment,Identitas AG
data%20scientist,Senior Data Scientist,https://www.jobs.ch/en/vacancies/detail/b5f4ec3c-e1a1-47d3-9b75-c32a2f3cbe7e/,2 months ago,Zürich,100%,On AG,Not specified
data%20scientist,Data Scientist (m/w/d),https://www.jobs.ch/en/vacancies/detail/98e38798-f818-411c-850a-85e2fca3caf6/,Yesterday,Basel,80 – 100%,Unlimited employment,Rocken®
data%20scientist,Data Scientist/Analyst Group Internal Audit 100% (f/m/d),https://www.jobs.ch/en/vacancies/detail/36f3f14d-0951-4f86-8baf-bf3173906b57/,2 days ago,Zürich,100%,Bank Julius Bär & Co. AG,Not specified
data%20scientist,Data Analyst,https://www.jobs.ch/en/vacancies/detail/18888e01-1c25-4db5-918d-2c3b77e3f567/,Last quarter,"Warsaw, Masovian Voivodeship, Poland",100%,Unlimited employment,Scandit AG
data%20analyst,Business Analyst - Finance & Accounting (100 %),https://www.jobs.ch/en/vacancies/detail/1de014ff-e4e4-481a-8051-64191c3673d9/,3 days ago,Basel,100%,Unlimited employment,Bank CIC (Schweiz) AG
data%20analyst,Data Analyst (Focus Online-Shops),https://www.jobs.ch/en/vacancies/detail/2a56d90d-aa8a-4e66-9b6a-a56901c79fbf/,Last month,Mägenwil,80 – 100%,Unlimited employment,Brack.Alltron AG
data%20analyst,(Senior) Data Analyst Marketing (m/f/d),https://www.jobs.ch/en/vacancies/detail/aeb1d50a-523d-4413-bc88-b271df9117c9/,Last week,Zürich,80 – 100%,Unlimited employment,Digitec Galaxus AG
data%20analyst,Spezialist Ereignisanalyse und Erfahrungsauswertung 80% - 100% (alle),https://www.jobs.ch/en/vacancies/detail/04c4d29e-3e85-40ab-a240-a554f5bc6956/,2 days ago,Kernkraftwerk Gösgen-Däniken AG,100%,Unlimited employment,Kernkraftwerk Gösgen-Däniken
data%20analyst,ML / Data Science Specialist (80-100%),https://www.jobs.ch/en/vacancies/detail/2bd5fe01-6578-4f61-9f65-60c78bdea265/,19 hours ago,Bern,80 – 100%,Unlimited employment,DV Bern
data%20analyst,Working student in Business Intelligence/ Data analytics (f/m/d),https://www.jobs.ch/en/vacancies/detail/458511d8-5568-4927-bf71-50bfba735a8b/,Last week,Gümlingen,40 – 50%,Unlimited employment,Schneider Electric (Schweiz) AG
data%20analyst,Statistische*r Datanalyst*in (60% bis 100%),https://www.jobs.ch/en/vacancies/detail/97aafa5b-0aac-4198-b784-b67b81b529c2/,4 days ago,Bern,60 – 100%,Unlimited employment,SwissDRG AG
data%20analyst,(Senior) Data Science & Data Analytics Consultant 60-100%,https://www.jobs.ch/en/vacancies/detail/5db6db8f-fa05-4456-ad0a-3c317ad00001/,5 days ago,"Zürich, Lausanne, Bern",60 – 100%,Unlimited employment,Eraneos Switzerland AG
data%20analyst,"Head of Data Engineering (f/m/d) | 80-100% | Hybrid working model | Zurich, Switzerland",https://www.jobs.ch/en/vacancies/detail/ef10c72e-4036-4003-9d53-7d4506ae97c9/,Last week,Zürich,80 – 100%,Unlimited employment,SMG Swiss Marketplace Group
data%20analyst,Analyste de données pour le controlling des achats,https://www.jobs.ch/en/vacancies/detail/53fa846d-bd0d-4ec2-94ac-c067bd11b372/,3 weeks ago,Berne et travail à domicile,80 – 100%,Unlimited employment,Office fédéral constructions et logistique OFCL
data%20analyst,Head of AI & Data Science (a),https://www.jobs.ch/en/vacancies/detail/3e31c273-be96-4b5a-9cc5-197ed73afa67/,Yesterday,Neuchâtel (Hybrid),100%,Unlimited employment,Consult & Pepper AG
data%20analyst,Datenanalyst/-in Polizeiliche Lage 100%,https://www.jobs.ch/en/vacancies/detail/acaa5589-8677-4dc3-a8e2-9f0ad2f7a758/,3 weeks ago,Bern,100%,Unlimited employment,Kantonspolizei Bern
data%20analyst,Datenanalyst/-in Beschaffungscontrolling,https://www.jobs.ch/en/vacancies/detail/68a2d998-d203-4a4d-ac0c-d433c7ae20c3/,3 weeks ago,Berna,80 – 100%,Unlimited employment,Bundesamt für Bauten und Logistik BBL
data%20analyst,Principal Machine Learning Engineer,https://www.jobs.ch/en/vacancies/detail/d59c316b-8aa2-46af-80da-e69c5b0429e4/,Last week,Bern,100%,Unlimited employment,machineMD AG
data%20analyst,Data Scientist,https://www.jobs.ch/en/vacancies/detail/9de7145c-d836-4e00-9b5d-d5f68d83d2ab/,2 weeks ago,Lausanne,80 – 100%,Unlimited employment,SamanTree Medical (Switzerland) SA
data%20analyst,Responsable des données de comptage à 100%,https://www.jobs.ch/en/vacancies/detail/bdcfd2f0-b01d-4f03-afa5-fff7557f9330/,3 days ago,Nyon,100%,Unlimited employment,Ville de Nyon
data%20analyst,Pricing & Data Analyst (m/w/d) - Pensum 50%,https://www.jobs.ch/en/vacancies/detail/46607273-f16b-4abc-859b-30aee20a4a39/,2 weeks ago,Reinach BL,50%,Unlimited employment,Montagetechnik BERNER AG
data%20analyst,Senior Data Analyst (m/w/d) 80-100%,https://www.jobs.ch/en/vacancies/detail/ece83ac1-bf77-4243-a7da-4d7b9b07b81b/,2 weeks ago,Volketswil,80 – 100%,Unlimited employment,blue Entertainment AG
data%20analyst,Digital Biomarker - Data Scientist (m/f/d) (LSW) - BS,https://www.jobs.ch/en/vacancies/detail/990475c3-0da6-45ea-a51d-43a02eb70c77/,5 hours ago,Basel,80 – 100%,Temporary,Manpower SA
data%20analyst,Business Analyst / Data Architect,https://www.jobs.ch/en/vacancies/detail/f91d2461-f56f-4496-871f-b0d37dc72ba2/,2 days ago,Fribourg,100%,Unlimited employment,Cremo SA
data%20analyst,Lead Business Analyst MDM (mw/d),https://www.jobs.ch/en/vacancies/detail/b54fe055-c391-4132-b8e4-739739f5cca6/,8 hours ago,Zürich,100%,Temporary,ITech Consult AG
data%20analyst,Data Engineer,https://www.jobs.ch/en/vacancies/detail/417b806b-f70f-4002-8cc4-a732404025ce/,3 days ago,Lausanne,100%,Unlimited employment,CHF 83 000 - 102 000 /year
data%20analyst,Business Analyst,https://www.jobs.ch/en/vacancies/detail/07affdc9-76e1-41c9-bb7f-a416f1eef9ac/,Yesterday,Bern,80 – 100%,Unlimited employment,RUAG AG
data%20analyst,Business Analyst (a) in Zürich,https://www.jobs.ch/en/vacancies/detail/3dc85c2e-1249-4925-a24a-834d07c4e2a5/,11 hours ago,"Zürich, Winterthur, Frauenfeld, Schaffhausen",80 – 100%,Unlimited employment,Axept Business Software AG
data%20analyst,Senior Application Analyst 80–100 % (m/w/d),https://www.jobs.ch/en/vacancies/detail/ac06e3cc-b22a-4c19-b7ff-4ef3a3e8fa1e/,12 hours ago,Balzers,100%,Unlimited employment,Bank Frick AG
data%20analyst,"Treasury Operations Analyst (w/m), 80-100 %, Rorschach",https://www.jobs.ch/en/vacancies/detail/5add554e-0ce8-443e-8338-96ec161027dc/,Yesterday,Rorschach,80 – 100%,Unlimited employment,Würth Management AG
data%20analyst,Senior HR Business Analyst Workday and ServiceNow 100%,https://www.jobs.ch/en/vacancies/detail/46e28a3e-7f98-4152-98d3-87becf4911e3/,2 days ago,Basel-City,100%,Temporary,Michael Page
data%20analyst,Pricing and Business Analyst,https://www.jobs.ch/en/vacancies/detail/9f08d0fb-47ca-4d1e-9954-7a0fb7c776cb/,3 days ago,Prilly,100%,Unlimited employment,SICPA
data%20analyst,Business Data Specialist,https://www.jobs.ch/en/vacancies/detail/5da3cfe7-b0ee-4725-9f8c-2f89707eb6c2/,Yesterday,Chavornay,100%,Unlimited employment,SICPA
data%20analyst,Business Analyst - Finance & Accounting (100 %),https://www.jobs.ch/en/vacancies/detail/1de014ff-e4e4-481a-8051-64191c3673d9/,3 days ago,Basel,100%,Unlimited employment,Bank CIC (Schweiz) AG
data%20analyst,Quantitative Analyst (all),https://www.jobs.ch/en/vacancies/detail/13f078fc-3234-456d-b3f3-df2bc2e52e1d/,Last week,Bern,80 – 100%,Unlimited employment,BKW Energie AG
data%20analyst,Group Data Architect - 100% Be the architect of data that drives innovation across Europe's leading,https://www.jobs.ch/en/vacancies/detail/dc8b0893-15b2-4e21-b586-461031371cb5/,2 weeks ago,"Cham, Switzerland",100%,Unlimited employment,Selecta AG
data%20analyst,Data Scientist Asset Finance & Information (alle),https://www.jobs.ch/en/vacancies/detail/00aed0e6-ee7e-49d1-8045-08d88f37c81d/,2 days ago,Ostermundigen,80 – 100%,Unlimited employment,BKW Energie AG
data%20analyst,Business Analyst - Payments (100 %),https://www.jobs.ch/en/vacancies/detail/4729cebf-e760-4057-9ca3-edb711f3a370/,4 days ago,Basel,100%,Unlimited employment,Bank CIC (Schweiz) AG
data%20analyst,Functional Analyst Syteline ERP 100% (m/f/d),https://www.jobs.ch/en/vacancies/detail/72fa7ab0-d101-4823-a8a5-ea17f5de69b3/,3 weeks ago,Witterswil,100%,Unlimited employment,Ovivo Switzerland AG
data%20analyst,Aftermarket Business Analyst (a),https://www.jobs.ch/en/vacancies/detail/c3e76466-ab54-407f-87dc-3482e97f2855/,Last week,Stans,100%,Unlimited employment,Pilatus Flugzeugwerke AG
data%20analyst,Product Owner Fachbereich «Fakturierung / Debitoren» 60-100% (m/w/d) / Eintritt nach Vereinbarung,https://www.jobs.ch/en/vacancies/detail/8f1ef316-2bcb-4c7b-b461-2fd24ce0446c/,Yesterday,Baldegg,60 – 100%,Unlimited employment,Dialog Verwaltungs-Data AG
data%20analyst,(Senior) Business Analyst Öffentliche Verwaltung 60-100%,https://www.jobs.ch/en/vacancies/detail/6639f057-5742-4217-a543-8acacefeb7f8/,5 days ago,"Zürich, Lausanne, Bern",60 – 100%,Unlimited employment,Eraneos Switzerland AG
data%20analyst,Senior Business Analyst SAC & Datasphere,https://www.jobs.ch/en/vacancies/detail/f663bc44-1f7a-49cb-97cf-b4c526dddea5/,2 weeks ago,Bern,60 – 100%,Unlimited employment,BKW Energie AG
data%20analyst,Data Rule Manager (w/m/d),https://www.jobs.ch/en/vacancies/detail/a0d14834-e4c8-4542-950f-806d3ebd967a/,Yesterday,Zürich,80 – 100%,Temporary,M-Industrie
data%20analyst,IT-Support & Business Analyst 80 - 100%,https://www.jobs.ch/en/vacancies/detail/c5ec4efe-a820-43d4-af1a-9f608124ce4b/,Last week,Cham,80 – 100%,Unlimited employment,Heusser Water Solutions AG
python%20developer,Software Developer (80%) - Hybrid (CH only),https://www.jobs.ch/en/vacancies/detail/67d1c404-f715-4c2a-a379-57f1d58baa9c/,12 hours ago,8001 / Zürich,100%,Temporary,Albedis
python%20developer,Agile Developer in Test,https://www.jobs.ch/en/vacancies/detail/cd849f9e-6ee5-48bc-9062-7ec7abbb7cbe/,Yesterday,Zürich,80 – 100%,Unlimited employment,ti&m AG
python%20developer,Senior Developer (Order Management System),https://www.jobs.ch/en/vacancies/detail/f34941f4-74aa-4633-a72f-e97427139447/,4 weeks ago,Zürich,100%,Unlimited employment,Bank J. Safra Sarasin
python%20developer,E-COMMERCE PERFORMANCE ANALYTICS SPECIALIST 100%,https://www.jobs.ch/en/vacancies/detail/907969f3-1384-4825-b727-c917b9c2932e/,Yesterday,2501 Biel/Bienne,100%,Unlimited employment,Swatch AG
python%20developer,Senior System Test Engineer,https://www.jobs.ch/en/vacancies/detail/45a68a26-485b-4496-ad95-8a0a61212385/,Yesterday,Les Acacias,100%,Unlimited employment,ID Quantique SA
python%20developer,(Senior) PLC Software Developer for welding machines (m/f/d),https://www.jobs.ch/en/vacancies/detail/33a33395-16f4-438e-aa0a-d71a08af9c18/,4 weeks ago,Schaffhausen,100%,Unlimited employment,Georg Fischer
python%20developer,Scientific Researcher Position (80%),https://www.jobs.ch/en/vacancies/detail/ef2e99e6-4e26-49a3-a6cc-f148fb003856/,2 days ago,Sion,80%,Temporary,Haute Ecole d'Ingénierie
python%20developer,Software Engineer,https://www.jobs.ch/en/vacancies/detail/f3935d13-1fc2-40af-8a86-ea995c167ec5/,4 weeks ago,Altdorf UR,80 – 100%,Unlimited employment,Kamuno AG
python%20developer,E-COMMERCE PERFORMANCE ANALYTICS SPECIALIST 100%,https://www.jobs.ch/en/vacancies/detail/3159a112-b9d3-4452-9cd7-3214c784e0b8/,3 weeks ago,"2501 Biel/Bienne, CH-BE",100%,Unlimited employment,Swatch AG
python%20developer,Data Analyst (Focus Online-Shops),https://www.jobs.ch/en/vacancies/detail/2a56d90d-aa8a-4e66-9b6a-a56901c79fbf/,Last month,Mägenwil,80 – 100%,Unlimited employment,Brack.Alltron AG
python%20developer,Software Engineer for Testing Infrastructure,https://www.jobs.ch/en/vacancies/detail/3e3eb3df-4ddc-4323-ab6f-b4982515f94e/,2 weeks ago,Stafa,80 – 100%,Unlimited employment,Sonova AG
python%20developer,(Senior) Data Analyst Marketing (m/f/d),https://www.jobs.ch/en/vacancies/detail/aeb1d50a-523d-4413-bc88-b271df9117c9/,Last week,Zürich,80 – 100%,Unlimited employment,Digitec Galaxus AG
python%20developer,Senior Expert - Vulnerability Management & Defensive Analytics,https://www.jobs.ch/en/vacancies/detail/d32939f7-61bb-4916-ad72-9140d28d19ed/,3 weeks ago,Lachen,100%,Unlimited employment,Octapharma AG
python%20developer,Full Stack (Python/React) Developer,https://www.jobs.ch/en/vacancies/detail/e48a31fb-8ed6-476d-afe4-d89bd801f9e8/,3 months ago,Geneva,100%,Unlimited employment,Vitol SA
python%20developer,Developer Advocate,https://www.jobs.ch/en/vacancies/detail/0e63e44d-6ef7-440e-b4a7-12381da38603/,3 months ago,Remote DEU,100%,SonarSource SA,Not specified
python%20developer,Java developer,https://www.jobs.ch/en/vacancies/detail/91208553-0c56-4bdf-8a2a-98269972ce5c/,Last year,Geneva,100%,Unlimited employment,FinTeX Finance and Technology eXpertise SA
python%20developer,PL/SQL Developer,https://www.jobs.ch/en/vacancies/detail/01e67170-ea77-4613-977f-c66b2f494a98/,Last quarter,Geneva,100%,Unlimited employment,Vitol SA
python%20developer,Software Developer,https://www.jobs.ch/en/vacancies/detail/3ff63eb4-2730-4ae8-b2ef-75d3642b44f3/,2 months ago,Aachen,100%,Unlimited employment,Varo Refining (Cressier) SA
python%20developer,Senior Backend Developer,https://www.jobs.ch/en/vacancies/detail/303f4b92-65ab-4011-b1db-6abcaeef0aa2/,4 quarters ago,Plan,100%,Unlimited employment,Alohi SA
python%20developer,Data DevOps Engineer,https://www.jobs.ch/en/vacancies/detail/07957a29-fbdc-411f-a847-6af737f10794/,12 hours ago,Geneva,100%,Banque Pictet & Cie SA,Not specified
python%20developer,Senior BI Developer (w/m),https://www.jobs.ch/en/vacancies/detail/7784d2fa-0274-4bfa-8197-8427f0df9034/,2 weeks ago,Bern,80 – 100%,Unlimited employment,Galenica AG
python%20developer,Algorithm Developer Intern,https://www.jobs.ch/en/vacancies/detail/6421edcc-b3ea-41d5-9d53-0b802ab751b1/,3 weeks ago,Rolle,100%,Unlimited employment,Sophia Genetics SA
python%20developer,"Backend Developer (Telephony, Faxing)",https://www.jobs.ch/en/vacancies/detail/88eb2cfe-f3c5-4e4a-bdc6-18877f1ad830/,3 months ago,Plan-les-Ouates,100%,Unlimited employment,Alohi SA
python%20developer,Agile Developer in Test,https://www.jobs.ch/en/vacancies/detail/cbbb08d6-52ab-4bab-93a4-56731d1bc8fa/,Last year,Zürich,100%,Unlimited employment,ti&m AG
python%20developer,Senior BI Developer (w/m) 80%-100%,https://www.jobs.ch/en/vacancies/detail/2b17a6d3-1898-40b6-9223-2e879dabde72/,2 weeks ago,Bern,80 – 100%,Galenica AG,Not specified
python%20developer,Software Developer Backend (m/w/d),https://www.jobs.ch/en/vacancies/detail/3fd8c1e0-47e7-4ffd-a8a8-cba710c4161d/,Last year,Grabs,100%,Unlimited employment,Körber Pharma Packaging AG
python%20developer,Front Arena Core Risk Developer,https://www.jobs.ch/en/vacancies/detail/12101b4c-268a-4dda-ba27-c37aeae1412b/,2 weeks ago,Zürich,100%,Bank Julius Bär & Co. AG,Not specified
python%20developer,Firmware Embedded Developer - Delvitech,https://www.jobs.ch/en/vacancies/detail/4a3aeebc-77aa-48b2-887f-6a3f33a9a548/,Last quarter,Mendrisio,100%,Unlimited employment,Delvitech SA
python%20developer,Data DevOps Engineer,https://www.jobs.ch/en/vacancies/detail/2babb907-5be5-4542-b1b7-405e9072b34f/,Yesterday,Geneva,100%,Banque Pictet & Cie SA,Not specified
python%20developer,Indico Core Developer (Full-Stack) (IT-CA-CTE-2025-124-GRAP),https://www.jobs.ch/en/vacancies/detail/94f33dcf-4fdd-4c8b-95f1-65f33f667a5f/,2 weeks ago,Geneva,CERN European Organization for Nuclear Research,Not specified,Not specified
python%20developer,Front Arena Core Risk Senior Developer,https://www.jobs.ch/en/vacancies/detail/d133deb2-a3e0-44a3-b114-dc298026e31f/,2 weeks ago,Zürich,100%,Bank Julius Bär & Co. AG,Not specified
python%20developer,Teamcenter Migration Developer / DevOps Engineer,https://www.jobs.ch/en/vacancies/detail/8e22560c-22c3-4255-85b6-941833f7f0ba/,Last week,"Basel, Geneva, Zurich",100%,Unlimited employment,Capgemini Suisse SA
python%20developer,Formateur / développeur Python,https://www.jobs.ch/en/vacancies/detail/91c1a272-aabc-4a3e-99cf-3485e6824882/,Last year,Vaumarcus,100%,Unlimited employment,Excelsia S.A.
python%20developer,Continuously evaluate and implement new technologies and best practices to improve the user experience and platform performance while ensuring a great developer experience.,https://www.jobs.ch/en/vacancies/detail/ce25e172-d888-45f6-b063-a42b4ef232eb/,Last quarter,Zürich,100%,Unlimited employment,OnlineDoctor AG
python%20developer,SAP BW Developer for Finance Applications 80% - 100% (f/m/d) - (Contract through our external payroll partner with immediate start until 31.12.2025 with possible extension),https://www.jobs.ch/en/vacancies/detail/1ebe5636-5879-42e9-a026-804ae13f44b1/,2 months ago,Zürich,80 – 100%,Bank Julius Bär & Co. AG,Not specified
python%20developer,"Schmid & Partner Engineering AG (SPEAG), the leading developer and manufacturer of advanced, efficient, and reliable test equipment for the evaluation of near- and far-field electromagnetic (EM) radiation, EM materials, and their applications, is currently seeking applicants for the post as",https://www.jobs.ch/en/vacancies/detail/87671f7e-41aa-4706-ac1b-a063c4c1af59/,Last year,Zürich,100%,Unlimited employment,Schmid & Partner Engineering AG
python%20developer,Senior Software Development Engineer,https://www.jobs.ch/en/vacancies/detail/a2ff7026-a1fd-4dae-9153-e88868442fc5/,2 months ago,Staefa,100%,Unlimited employment,Sonova AG
python%20developer,R&D Intern Process Development in Sensor Testing,https://www.jobs.ch/en/vacancies/detail/cf3360b7-be58-47e9-965b-10742f06c5a4/,2 months ago,Stäfa,100%,Sensirion AG,Not specified
python%20developer,Salesforce & Data Platform Architect (80%),https://www.jobs.ch/en/vacancies/detail/733afcc8-a402-46ba-9442-fd525360ce5e/,2 months ago,Zurich,80%,Unlimited employment,WWF Schweiz
python%20developer,Prototyping Technician III,https://www.jobs.ch/en/vacancies/detail/0facc3a0-0e97-4f05-996f-20cce58c68fa/,3 weeks ago,Zurich,100%,Unlimited employment,Qualitest Group Switzerland AG
data%20engineer,Data & AI Lakehouse Engineer 80-100% m/w/d,https://www.jobs.ch/en/vacancies/detail/b71783f1-b245-4af4-a3ca-774dfc83138e/,Last week,Ibach-Schwyz,80 – 100%,Unlimited employment,Victorinox AG
data%20engineer,Professional / Senior ICT System Engineer (m/w/d),https://www.jobs.ch/en/vacancies/detail/cd11ad13-4b1c-4dca-8df4-be732fc09fed/,3 days ago,Liestal,80 – 100%,Unlimited employment,EBL (Genossenschaft Elektra Baselland)
data%20engineer,"Senior Data Engineer, 80-100% (w/m/d)",https://www.jobs.ch/en/vacancies/detail/62c0a60d-6ede-4e32-ba7d-591eb1abb725/,2 weeks ago,Zürich,80 – 100%,Unlimited employment,Swiss Life AG
data%20engineer,Mechanical Engineer (w/m/d),https://www.jobs.ch/en/vacancies/detail/ce529ffc-e7e4-4eda-9e7d-d310c7659901/,2 months ago,Luzern,100%,Unlimited employment,Schurter AG
data%20engineer,Operational Technology Engineer (m/w/d) 100%,https://www.jobs.ch/en/vacancies/detail/c9f6a01a-dfbf-49eb-bd04-ef2c33d2b309/,Yesterday,Breitenbach,100%,Unlimited employment,beeworx GmbH
data%20engineer,DevOps Engineer C5I,https://www.jobs.ch/en/vacancies/detail/71b27ae9-e566-487d-8f5a-cf1269128d8b/,2 weeks ago,Thun,100%,Unlimited employment,RUAG MRO Holding AG
data%20engineer,Design Engineer,https://www.jobs.ch/en/vacancies/detail/7e26238d-d560-4302-9fc4-45f028680c53/,Last month,Oberdiessbach,80 – 100%,Unlimited employment,Hoffmann Neopac AG
data%20engineer,Plant Engineering & Maintenance Lead (m/f/d),https://www.jobs.ch/en/vacancies/detail/4ab0680a-5881-40a8-a84d-f70114ad4bee/,7 hours ago,Muttenz,100%,Unlimited employment,Corden Pharma - A Full-Service CDMO
data%20engineer,DevOps Engineer C5I,https://www.jobs.ch/en/vacancies/detail/093c7bc0-7a46-434e-ace0-991f5d7c3210/,Last week,"Thun, Bern",80 – 100%,Unlimited employment,RUAG MRO Holding AG
data%20engineer,"Ingenieur/in oder Techniker/in für die Bereiche Heizung, Lüftung / Klima und Sanitär",https://www.jobs.ch/en/vacancies/detail/8a473d15-f3f0-4218-85d9-bcedc4d2cd6e/,Last month,Winterthur,80 – 100%,Unlimited employment,Beag Engineering AG
data%20engineer,Sales Engineer for Upgrades (gn),https://www.jobs.ch/en/vacancies/detail/140723ce-01b5-4c51-ba98-3b6680f0eb35/,Last week,Wohlen,100%,Unlimited employment,Oerlikon
data%20engineer,"Ingenieur FH, Mechanical / Plant Engineer",https://www.jobs.ch/en/vacancies/detail/21052aa0-0338-4aad-9416-666b6573f168/,3 weeks ago,Ittigen,80 – 100%,Unlimited employment,Ing. A. Maurer S.A.
data%20engineer,Projektingenieur:in Infrastruktursicherheit und Umweltrisiken,https://www.jobs.ch/en/vacancies/detail/24b4e363-29dd-4f21-8dec-128929497f11/,2 weeks ago,Bern,60 – 100%,Unlimited employment,Emch+Berger AG Bern
data%20engineer,"Ingenieurgeologen/in, Materialwissenschaftler/in, Chemieingenieur/in 80 - 100%",https://www.jobs.ch/en/vacancies/detail/8e3b988e-3743-4bf4-965c-15dc5da5e223/,3 weeks ago,Wildegg,80 – 100%,Unlimited employment,TFB AG
data%20engineer,Ingenieur Technik Aussendienst D-CH (m/w/d) (100%),https://www.jobs.ch/en/vacancies/detail/3c90d266-af90-485d-872a-030c17c17877/,3 weeks ago,Dielsdorf,100%,Unlimited employment,ANCOTECH AG
data%20engineer,Head of Engineering - Business Platforms & Operations,https://www.jobs.ch/en/vacancies/detail/944d004a-7b37-4ca3-b88c-9e93eac5114c/,2 weeks ago,Zürich und/oder Mägenwil,80 – 100%,Unlimited employment,Brack.Alltron AG
data%20engineer,Ingenieur/-in Wasserversorgung,https://www.jobs.ch/en/vacancies/detail/7a62e15d-d689-4896-9379-a263efa33c9f/,4 weeks ago,Sursee,60 – 100%,Unlimited employment,Hauptsitz
data%20engineer,Engineering Projektleiter/in | Gebäudetechnik HLKS & Infrastruktur (80-100%),https://www.jobs.ch/en/vacancies/detail/0c3cd72f-ab3d-4f66-a528-32da5c87ae3f/,3 weeks ago,Thurgau,100%,Unlimited employment,dasteam ag
data%20engineer,Ingenieur Fassade/Elementwerk D-CH (m/w/d) (100%),https://www.jobs.ch/en/vacancies/detail/1a0643b5-091d-41b5-abe2-7b5bec912018/,3 weeks ago,Dielsdorf,100%,Unlimited employment,ANCOTECH AG
data%20engineer,Senior CSV-Engineer 80-100% (w/m/d),https://www.jobs.ch/en/vacancies/detail/2fbabd49-80db-40a6-8569-705d61e0ea54/,2 weeks ago,Visp,80 – 100%,Unlimited employment,Lonza
data%20engineer,GIS-Projektleiter*in Werk- und Arealkataster,https://www.jobs.ch/en/vacancies/detail/109e6a3d-cefb-4dc9-87bb-d62494f66bb9/,5 days ago,Basel,80 – 100%,Unlimited employment,CHF 95 000 - 130 000 /year
data%20engineer,Anwendungstechniker:in Application Engineer (80-100%),https://www.jobs.ch/en/vacancies/detail/f0511ce9-886e-4be7-b706-31a095b0d7a1/,Last week,Roggwil BE,80 – 100%,Unlimited employment,J. SCHNEEBERGER Maschinen AG
data%20engineer,System Engineer (100 %),https://www.jobs.ch/en/vacancies/detail/05a71696-f02b-4112-8d8c-fca64d30ac22/,3 days ago,Basel,100%,Unlimited employment,Bank CIC (Schweiz) AG
data%20engineer,Senior Systems Engineer 80–100 % (m/w/d),https://www.jobs.ch/en/vacancies/detail/462c9c27-8528-40c8-9996-899b7e8c8d51/,2 months ago,Schaffhausen,80 – 100%,Unlimited employment,igeeks AG
data%20engineer,"Cloud Operations Engineer (all genders), 80-100%",https://www.jobs.ch/en/vacancies/detail/332843db-82c8-4a8c-b950-4c391a3457b8/,Last week,"Baar, Baden, Bern, Zürich",80 – 100%,Unlimited employment,BSI Business Systems Integration AG
data%20engineer,Ingénieur BI senior (f/m/d),https://www.jobs.ch/en/vacancies/detail/db604b1a-574b-45a6-986f-01bee5029d03/,Yesterday,Genève,100%,Unlimited employment,Bechtle Suisse SA
data%20engineer,Ingénieur-e forestier-ère à 70%,https://www.jobs.ch/en/vacancies/detail/3ea2cb37-f502-45a1-8537-c7c6d57cf7fc/,3 days ago,Couvet,70%,Unlimited employment,Not specified
data%20engineer,Ingénieur Modern Workplace (f/m/d),https://www.jobs.ch/en/vacancies/detail/db779f37-d55f-4bb3-a9f3-f574c69a004f/,2 days ago,Fribourg,100%,Unlimited employment,Bechtle Suisse SA
data%20engineer,Ingénieur R&D,https://www.jobs.ch/en/vacancies/detail/f3d502db-5b97-4ede-ae56-a5c0f343ef05/,3 days ago,La Chaux-de-Fonds,100%,Unlimited employment,Not specified
data%20engineer,Ingénieur(e) de données,https://www.jobs.ch/en/vacancies/detail/820692ae-80ec-4fc4-b263-d32e94357052/,5 days ago,Prilly,80 – 100%,Unlimited employment,FHV Informatique
data%20engineer,Ingénieur-e de test (Senior) 80-100% (H/F),https://www.jobs.ch/en/vacancies/detail/5b8c8b4e-cb53-4cc3-9e3d-72d181cc2679/,5 days ago,Boudry,80 – 100%,Unlimited employment,Aptasic SA
data%20engineer,Data Engineer,https://www.jobs.ch/en/vacancies/detail/417b806b-f70f-4002-8cc4-a732404025ce/,3 days ago,Lausanne,100%,Unlimited employment,CHF 83 000 - 102 000 /year
data%20engineer,Senior Data Engineer,https://www.jobs.ch/en/vacancies/detail/6fc9b0f2-8346-44d5-b3ae-ec06a3b54f19/,3 days ago,Lucerne,80 – 100%,Unlimited employment,CHF 130 000 - 145 000 /year
data%20engineer,"Data Engineer, 80-100%",https://www.jobs.ch/en/vacancies/detail/439d4881-1520-486e-b1f7-339b1fc47959/,Yesterday,Zürich,80 – 100%,Unlimited employment,VZ VermögensZentrum
data%20engineer,Data Engineer (m/f/d) - 100%,https://www.jobs.ch/en/vacancies/detail/c54a3bfd-110d-49a5-b143-4bcacf471a93/,Yesterday,Baar ZG,5%,Unlimited employment,ITech Consult AG
data%20engineer,Freelancer – (Junior/Senior) Data Engineer / SQL,https://www.jobs.ch/en/vacancies/detail/818e5ccf-1390-450b-b289-883525419eb6/,3 weeks ago,Zürich,60 – 100%,Freelance,KPMG
data%20engineer,"Head of Data Engineering (f/m/d) | 80-100% | Hybrid working model | Zurich, Switzerland",https://www.jobs.ch/en/vacancies/detail/ef10c72e-4036-4003-9d53-7d4506ae97c9/,Last week,Zürich,80 – 100%,Unlimited employment,SMG Swiss Marketplace Group
data%20engineer,Head of Business Analytics (a),https://www.jobs.ch/en/vacancies/detail/461fb2ea-83df-4ba9-a4cb-a599ccc56bd1/,5 hours ago,Zürich,100%,Unlimited employment,CH Media
data%20engineer,Group Data Architect - 100% Be the architect of data that drives innovation across Europe's leading,https://www.jobs.ch/en/vacancies/detail/dc8b0893-15b2-4e21-b586-461031371cb5/,2 weeks ago,"Cham, Switzerland",100%,Unlimited employment,Selecta AG
data%20engineer,Teamlead Data Science & Analytics (w/m/d),https://www.jobs.ch/en/vacancies/detail/9a7ae1d5-03f2-4b1e-b0fd-e57218f531bc/,2 days ago,Zürich,80 – 100%,Unlimited employment,Digitec Galaxus AG
data%20engineer,Integration Engineer 100% (m/w/d),https://www.jobs.ch/en/vacancies/detail/d75bfaa2-b9ad-4cf6-8cbd-67bdc3a074c8/,Yesterday,Rothenburg,100%,Unlimited employment,Sabag AG
data%20engineer,Senior Network Engineer,https://www.jobs.ch/en/vacancies/detail/758811a4-dfee-4645-950a-c17a6101bfaf/,Yesterday,Basel,95%,Temporary,Swisslinx
data%20engineer,Layout Engineer - Tendering,https://www.jobs.ch/en/vacancies/detail/1599697e-25b2-4ba0-9150-14930a88c13d/,2 days ago,Switzerland,100%,Unlimited employment,Kanadevia Inova
data%20engineer,Full Stack Software Engineer - Java 80-100%,https://www.jobs.ch/en/vacancies/detail/702b44ce-899c-427c-a3f9-496824deda5d/,11 hours ago,Zollikofen,80 – 100%,Unlimited employment,Xovis AG
data%20engineer,Senior Network Engineer (100%),https://www.jobs.ch/en/vacancies/detail/10c31c25-95b0-4214-9e3a-88232be26435/,Yesterday,Marin-Epagnier,100%,Unlimited employment,Not specified
data%20engineer,Professional / Senior ICT System Engineer (m/w/d),https://www.jobs.ch/en/vacancies/detail/cd11ad13-4b1c-4dca-8df4-be732fc09fed/,3 days ago,Liestal,80 – 100%,Unlimited employment,EBL (Genossenschaft Elektra Baselland)
data%20engineer,System Engineer (100 %),https://www.jobs.ch/en/vacancies/detail/05a71696-f02b-4112-8d8c-fca64d30ac22/,3 days ago,Basel,100%,Unlimited employment,Bank CIC (Schweiz) AG
data%20manager,Data Management Officer (w/m/d) - 80%-100%,https://www.jobs.ch/en/vacancies/detail/a1d60eef-7e79-487e-a30f-20cb007d1b72/,2 weeks ago,Reinach,80 – 100%,Unlimited employment,Endress+Hauser
data%20manager,Manager Customer Service,https://www.jobs.ch/en/vacancies/detail/c5239cc0-4dc4-4ee6-a12c-ba3e2e1d6ebf/,Last week,Bern,80 – 100%,Unlimited employment,Vetrotech Saint-Gobain
data%20manager,Clinical Data Manager (m/f/d),https://www.jobs.ch/en/vacancies/detail/6435ec1e-6e43-4ce9-9207-44a092d62470/,Last week,Nottwil,100%,Unlimited employment,UNIpersonal AG
data%20manager,Data Manager Materialstammdaten 80-90% (w/m/d),https://www.jobs.ch/en/vacancies/detail/9a346433-37cb-43b8-9c21-ece37b1f6d58/,3 days ago,Lupfig,80 – 90%,Unlimited employment,Antalis AG
data%20manager,Data Rule Manager (w/m/d),https://www.jobs.ch/en/vacancies/detail/a0d14834-e4c8-4542-950f-806d3ebd967a/,Yesterday,Zürich,80 – 100%,Temporary,M-Industrie
data%20manager,Data Governance Manager,https://www.jobs.ch/en/vacancies/detail/7a4d99dc-d10b-4655-b67e-3e7a26a93fde/,2 months ago,Basel,100%,Unlimited employment,Bank J. Safra Sarasin
data%20manager,Stammdatenmanager*in,https://www.jobs.ch/en/vacancies/detail/4614e4bb-bf20-47b8-8ab9-755d18243a6c/,Last month,Moosseedorf,80 – 100%,Unlimited employment,Marti Dienstleistungen AG
data%20manager,Data Engineer (m/f/d) - 100%,https://www.jobs.ch/en/vacancies/detail/c54a3bfd-110d-49a5-b143-4bcacf471a93/,Yesterday,Baar ZG,5%,Unlimited employment,ITech Consult AG
data%20manager,(Senior) Manager Data & AI 80-100%,https://www.jobs.ch/en/vacancies/detail/6129d812-5b44-4be8-a778-4c557d119514/,5 days ago,Zürich oder Bern,80 – 100%,Unlimited employment,Eraneos Switzerland AG
data%20manager,(Senior) Energiedatenmanager:in 80-100% (m/w/d),https://www.jobs.ch/en/vacancies/detail/6ce7c203-a32f-4120-9610-f1d6d266e1e1/,Last week,Kriens,80 – 100%,Unlimited employment,swenex - swiss energy exchange AG
data%20manager,Master Data Management Specialist,https://www.jobs.ch/en/vacancies/detail/e2f93752-0ffb-4a8c-8bcc-248c5453a964/,2 weeks ago,Schmerikon,100%,Unlimited employment,Wild & Küpfer AG
data%20manager,Master Data Management Coordinator 100%,https://www.jobs.ch/en/vacancies/detail/f7a3d234-93cb-4d6f-b85b-933097b22bce/,Last month,Luzern,100%,Unlimited employment,Schurter AG
data%20manager,Senior Data Analyst (m/w/d) 80-100%,https://www.jobs.ch/en/vacancies/detail/ece83ac1-bf77-4243-a7da-4d7b9b07b81b/,2 weeks ago,Volketswil,80 – 100%,Unlimited employment,blue Entertainment AG
data%20manager,Fachspezialist/-in Datenmanagement und Enterprise Architektur,https://www.jobs.ch/en/vacancies/detail/d745ed60-73fb-4d9a-a263-ef46641f9633/,2 days ago,Thun,80 – 100%,Unlimited employment,Das Bundesamt für Zivildienst ZIVI
data%20manager,Data Manager:in 70-100% mit starken technischen Skills,https://www.jobs.ch/en/vacancies/detail/78dc06b0-c7dc-407f-8639-b4024d5e9de9/,3 weeks ago,Raum Bern und teilweise im Homeoffice,70 – 100%,Unlimited employment,p3b ag
data%20manager,Daten Architekt,https://www.jobs.ch/en/vacancies/detail/5433e8ae-1084-4495-875e-e9e4c6f0aee3/,2 weeks ago,"Thun, Berne, Schweiz",80 – 100%,Unlimited employment,Safeguard Global
data%20manager,Gestionnaire des données de base,https://www.jobs.ch/en/vacancies/detail/efd7dd40-fc78-47b8-9291-691a7a9df01f/,Last month,Moosseedorf,80 – 100%,Unlimited employment,Marti Dienstleistungen AG
data%20manager,Datacenter Spezialist mit VMware und NetApp Betriebserfahrung (22118 / 60-100% Pensum),https://www.jobs.ch/en/vacancies/detail/c5656ef1-f9df-4d4a-8471-6333a2eb4740/,2 weeks ago,Baden,60 – 100%,Freelance,IQ Plus AG
data%20manager,Data Center Shift Technician - Steige ein in die Zukunft der Technik!,https://www.jobs.ch/en/vacancies/detail/e4ab1dd8-164a-40c6-a6db-e5131baf3584/,3 weeks ago,Zürich Altstetten,100%,Unlimited employment,ISS Schweiz AG
data%20manager,Business Data Specialist,https://www.jobs.ch/en/vacancies/detail/5da3cfe7-b0ee-4725-9f8c-2f89707eb6c2/,Yesterday,Chavornay,100%,Unlimited employment,SICPA
data%20manager,GESTIONNAIRE DES DONNÉES RÉFÉRENTIELLES – 100 %,https://www.jobs.ch/en/vacancies/detail/60ba3f16-d91b-470b-a007-6b7ef58e96fb/,Yesterday,Genève,100%,Unlimited employment,CHF 102 000 - 110 000 /year
data%20manager,Application Manager (80 - 100%),https://www.jobs.ch/en/vacancies/detail/5c74dce8-24f9-4959-ab96-e17aa296b64e/,3 weeks ago,Bern,80 – 100%,Unlimited employment,Justitia 4.0
data%20manager,Relationship Manager Financing - Corporate Clients (100 %),https://www.jobs.ch/en/vacancies/detail/e998163a-c946-4b49-8c7b-72562c713345/,3 days ago,Lugano,100%,Unlimited employment,Bank CIC (Schweiz) AG
data%20manager,Application Manager (80 - 100%),https://www.jobs.ch/en/vacancies/detail/5c74dce8-24f9-4959-ab96-e17aa296b64e/,3 weeks ago,Bern,80 – 100%,Unlimited employment,Justitia 4.0
data%20manager,Associate Manager Administration 80 -100%,https://www.jobs.ch/en/vacancies/detail/50671144-aed1-44c4-80cd-d7879a46396a/,3 weeks ago,3008  (Bern),80 – 100%,Unlimited employment,Swiss Cancer Institute
data%20manager,"Data Engineer, 80-100%",https://www.jobs.ch/en/vacancies/detail/439d4881-1520-486e-b1f7-339b1fc47959/,Yesterday,Zürich,80 – 100%,Unlimited employment,VZ VermögensZentrum
data%20manager,Account Manager,https://www.jobs.ch/en/vacancies/detail/88e15860-c9f2-44da-b7f9-a78007dc9fe0/,5 hours ago,Aarau,100%,Temporary,Manpower SA
data%20manager,Key Account Manager,https://www.jobs.ch/en/vacancies/detail/e641b8d6-4b69-4807-ba8d-3bcf6affdc48/,11 hours ago,Meilen ZH,100%,Unlimited employment,Stettler Consulting AG
data%20manager,Territory Manager Dental,https://www.jobs.ch/en/vacancies/detail/92acfbea-aca9-4763-9546-c4685952e571/,11 hours ago,Region Deutschschweiz,100%,Unlimited employment,Stettler Consulting AG
data%20manager,Lean Manager 100% (m/w/d),https://www.jobs.ch/en/vacancies/detail/74abf24d-b5e1-4814-bbee-0ce985cabe44/,8 hours ago,Kleinlützel,100%,Unlimited employment,ASSA ABLOY Schweiz AG
data%20manager,AI Governance Manager 80 - 100% (w/m/d),https://www.jobs.ch/en/vacancies/detail/b6558310-7dcb-4acc-9b20-c95c5432fbe0/,15 hours ago,Zürich,80 – 100%,Unlimited employment,LGT
data%20manager,Tourist Information Manager 100% (w/m/d),https://www.jobs.ch/en/vacancies/detail/e3fbc0dd-3d92-4b4c-89df-3a54781f7900/,13 hours ago,Bern,100%,Unlimited employment,Bern Welcome
data%20manager,Manager Finanzen/Controlling (M/F/D) 100 %,https://www.jobs.ch/en/vacancies/detail/f674c750-b9e5-405a-9d83-2a52920fdeba/,12 hours ago,Beringen,100%,Unlimited employment,STRATEC Switzerland AG
data%20manager,(Senior) Manager - People Advisory Services - Reward (Zurich),https://www.jobs.ch/en/vacancies/detail/2db2e785-69ef-4d0b-b80b-b7f9f2ef1ed3/,19 hours ago,Zurich,100%,Unlimited employment,EY (Ernst & Young AG)
data%20manager,Product Manager Wein/Schaumwein,https://www.jobs.ch/en/vacancies/detail/cc7d346b-3466-46bc-b17d-11f1156c7e70/,Yesterday,Zürich,80 – 100%,Unlimited employment,Denner AG
data%20manager,"Business Development Manager BI/Data, Outils collaboratifs et ECM / Villars-sur-Glâne / Gland",https://www.jobs.ch/en/vacancies/detail/9840b370-32c2-4d44-b09c-4ad998ae21e3/,Yesterday,Villars-sur-Glâne,100%,Unlimited employment,Tebicom
data%20manager,Facility Services Manager,https://www.jobs.ch/en/vacancies/detail/3b84a304-827f-4b0b-a768-9491b089c75a/,Yesterday,Villars-sur-Glâne,100%,Unlimited employment,Leatech SA
data%20manager,"Business Development Manager (100%, f/m)",https://www.jobs.ch/en/vacancies/detail/63317c11-76c5-4bbe-8dbe-0a64a25ee367/,Yesterday,Versoix,100%,Unlimited employment,Keller Swiss Group AG
data%20manager,User Access Manager,https://www.jobs.ch/en/vacancies/detail/0197ca34-ef61-4eb9-80f9-6e0149391732/,2 days ago,Basel,100%,Unlimited employment,Bank J. Safra Sarasin
data%20manager,Digital Transformation & Automation Manager m/w/d 100%,https://www.jobs.ch/en/vacancies/detail/78b6a77c-2295-4b61-8836-e26a86f54f79/,Yesterday,Dübendorf,100%,Unlimited employment,Biomed AG
data%20manager,Senior Sales Manager (a),https://www.jobs.ch/en/vacancies/detail/85b43a10-ea91-4c38-aab2-69ffd9a8d2c4/,2 days ago,Kreuzlingen,80 – 100%,Unlimited employment,Peak Personal GmbH
data%20manager,Technical Product / Account Manager 100 % m/w/d,https://www.jobs.ch/en/vacancies/detail/67c89756-6be8-4ca4-b7ad-2733760b1922/,Yesterday,Kappel,100%,Unlimited employment,Schmitz Cargobull Schweiz AG
data%20manager,Account manager PUBLIC à 80-100% (H/F),https://www.jobs.ch/en/vacancies/detail/5ae48a84-03ba-4294-a1ef-5de93acea8a0/,Yesterday,Suisse romande,100%,Unlimited employment,Groupe T2i Suisse SA
data%20manager,Finance Manager Accounting & Controlling 80% - 100% (m/w/d),https://www.jobs.ch/en/vacancies/detail/3d73bbcb-b640-4610-85aa-054e4fc24380/,Yesterday,Adliswil,80 – 100%,Unlimited employment,Infopro Digital Schweiz GmbH
data%20manager,"Quality Manager / Fachtechnisch verantwortliche Person FvP D/E/F, 80-100% (w/m/d)",https://www.jobs.ch/en/vacancies/detail/967ea92e-8bb5-4f6b-878d-600288f71b7b/,Yesterday,Wetzikon,80 – 100%,Unlimited employment,Five Office Ltd
data%20manager,Relationship Manager Financing - Corporate Clients (100 %),https://www.jobs.ch/en/vacancies/detail/e998163a-c946-4b49-8c7b-72562c713345/,3 days ago,Lugano,100%,Unlimited employment,Bank CIC (Schweiz) AG
data%20manager,Research Associate Spine (a) 100%,https://www.jobs.ch/en/vacancies/detail/a6a386a9-7bb0-4179-821e-ed39052142ff/,Last week,"Lengghalde 2, Zürich",100%,Unlimited employment,Schulthess Klinik
data%20architect,Group Data Architect - 100% Be the architect of data that drives innovation across Europe's leading,https://www.jobs.ch/en/vacancies/detail/dc8b0893-15b2-4e21-b586-461031371cb5/,2 weeks ago,"Cham, Switzerland",100%,Unlimited employment,Selecta AG
data%20architect,Data Architect - Data Product Owner 80-100%,https://www.jobs.ch/en/vacancies/detail/bfd5b81f-769b-4cce-82d6-126ddb95edb6/,2 days ago,Colombier NE,80 – 100%,Unlimited employment,Banque Cantonale Neuchâteloise
data%20architect,Data Engineer,https://www.jobs.ch/en/vacancies/detail/417b806b-f70f-4002-8cc4-a732404025ce/,3 days ago,Lausanne,100%,Unlimited employment,CHF 83 000 - 102 000 /year
data%20architect,Data Architect,https://www.jobs.ch/en/vacancies/detail/237f30dd-77cf-4499-a97c-5689a847fc49/,6 days ago,Bern,80 – 100%,Unlimited employment,Atupri Gesundheitsversicherung AG
data%20architect,Business Analyst / Data Architect,https://www.jobs.ch/en/vacancies/detail/f91d2461-f56f-4496-871f-b0d37dc72ba2/,2 days ago,Fribourg,100%,Unlimited employment,Cremo SA
data%20architect,Daten Architekt,https://www.jobs.ch/en/vacancies/detail/5433e8ae-1084-4495-875e-e9e4c6f0aee3/,2 weeks ago,"Thun, Berne, Schweiz",80 – 100%,Unlimited employment,Safeguard Global
data%20architect,Senior Qlik Business Intelligence Consultant,https://www.jobs.ch/en/vacancies/detail/9e51c523-67d0-40e6-bc88-f65958c735fe/,Last week,Zürich,100%,Unlimited employment,LIONSCOUT GmbH
data%20architect,Data Scientist Asset Finance & Information (alle),https://www.jobs.ch/en/vacancies/detail/00aed0e6-ee7e-49d1-8045-08d88f37c81d/,2 days ago,Ostermundigen,80 – 100%,Unlimited employment,BKW Energie AG
data%20architect,"Head of Data Engineering (f/m/d) | 80-100% | Hybrid working model | Zurich, Switzerland",https://www.jobs.ch/en/vacancies/detail/ef10c72e-4036-4003-9d53-7d4506ae97c9/,Last week,Zürich,80 – 100%,Unlimited employment,SMG Swiss Marketplace Group
data%20architect,Mulesoft Integration Architect (w/m/d),https://www.jobs.ch/en/vacancies/detail/432a0ef0-6048-40f0-b864-4392d1b3de7d/,2 weeks ago,Baden,100%,Unlimited employment,Axpo Group
data%20architect,Software Architect Expert 80-100%,https://www.jobs.ch/en/vacancies/detail/9a731fc2-2768-44bd-ad19-3328c0ec2e17/,Last month,Zug,80 – 100%,Unlimited employment,Siemens Schweiz AG
data%20architect,Software System Architect,https://www.jobs.ch/en/vacancies/detail/58deae51-24ba-43bd-a3a3-7bc3e062cb6e/,Last week,Frauenfeld,100%,Unlimited employment,Wärtsilä Services Switzerland Ltd.
data%20architect,ICT Architect C5I,https://www.jobs.ch/en/vacancies/detail/d063a5e0-2f59-4bf7-8874-1c06c6f0015b/,Last week,"Thun, Bern",80 – 100%,Unlimited employment,RUAG MRO Holding AG
data%20architect,ICT Architect C5I,https://www.jobs.ch/en/vacancies/detail/112c8ae8-0ee8-49b0-a42c-0ee57b08c52b/,2 weeks ago,Thun,80 – 100%,Unlimited employment,RUAG AG
data%20architect,Cloud Infrastructure Architect (a),https://www.jobs.ch/en/vacancies/detail/9775dd19-626b-4434-838e-5af68a4a272a/,6 days ago,Bern-Liebefeld,80 – 100%,Unlimited employment,aity AG
data%20architect,(Senior) Manager – IT Architect – Technology Strategy & Transformation,https://www.jobs.ch/en/vacancies/detail/fb408354-d012-46a5-8f23-f5fe50453891/,6 days ago,Zurich,80 – 100%,Unlimited employment,Deloitte AG
data%20architect,Software Engineer,https://www.jobs.ch/en/vacancies/detail/f09896a6-d070-48db-879c-22b973678bb5/,2 days ago,Yverdon-les-Bains,100%,Unlimited employment,Leclanché e-Mobility SA
data%20architect,DataWarehouse - Datenbank-Architekt (m/w) 100%,https://www.jobs.ch/en/vacancies/detail/a6348d04-f535-475a-986b-bc3039b67773/,Last month,Romanshorn,100%,Unlimited employment,Avosano
data%20architect,"Enterprise Architect, 80-100% (ID 1803)",https://www.jobs.ch/en/vacancies/detail/b30fab83-7737-49d9-90bd-88a8995c972a/,2 weeks ago,Davos Platz,80 – 100%,Unlimited employment,AO Foundation
data%20architect,Senior Solution Architect/Project Manager SAP EWM,https://www.jobs.ch/en/vacancies/detail/fe356fca-ae51-42cd-9c33-8e9bf99c6021/,Last week,Zürich,100%,Unlimited employment,Sika Gesellschaften in der Schweiz
data%20architect,"ICT Architect, domaine Sécurité, Justice et Sport",https://www.jobs.ch/en/vacancies/detail/ec08febc-cf16-43ce-932b-75d012b8415e/,5 days ago,Givisiez,80 – 100%,Unlimited employment,Etat de Fribourg
data%20architect,Lead DevOps Engineer – cloud application,https://www.jobs.ch/en/vacancies/detail/56afcf0f-238c-48d6-966b-8f5e251ad519/,2 weeks ago,Nänikon-Greifensee,100%,Unlimited employment,Mettler Toledo
data%20architect,Guidewire Developer (m/w/d) 80 - 100%,https://www.jobs.ch/en/vacancies/detail/4680acb9-3367-4b76-bfe9-b8971904c572/,3 weeks ago,CH - Zürich,80 – 100%,Unlimited employment,Zürich Versicherungs-Gesellschaft AG / Zurich Insurance Company Ltd / Zurich Compagnie d'Assurances SA
data%20architect,Senior Software Engineer Spring Boot (m/w),https://www.jobs.ch/en/vacancies/detail/78243e4c-9e9c-46a0-abf9-f8dff9b26900/,2 weeks ago,Urdorf,80 – 100%,Unlimited employment,Ärztekasse Genossenschaft
data%20architect,New Development System Engineer (f/m/d) 100%,https://www.jobs.ch/en/vacancies/detail/dedbb9f2-d77b-44b5-bee0-a3a1d306b6d6/,Last week,Wettingen,100%,Unlimited employment,GUTOR Electronic LLC
data%20architect,Data Architect,https://www.jobs.ch/en/vacancies/detail/c48d2b6d-744f-4fdb-b681-4261c2d045b7/,Last year,Zürich,100%,Unlimited employment,ti&m AG
data%20architect,Group Data Architect – 100%,https://www.jobs.ch/en/vacancies/detail/b2c968db-4aa7-42b9-b165-89077f7b546d/,2 months ago,Cham,100%,Unlimited employment,Selecta AG
data%20architect,Senior Data Architect (m/w/d),https://www.jobs.ch/en/vacancies/detail/4c1a7a44-0b52-457d-8b33-6fb841fb7d53/,7 hours ago,Basel,80 – 100%,Unlimited employment,Rocken®
data%20architect,Leitender Data Architect (m/w/d),https://www.jobs.ch/en/vacancies/detail/33c76ae2-e68d-4345-a9a7-8e956d183f46/,7 hours ago,Olten,80 – 100%,Unlimited employment,Rocken®
data%20architect,(Senior) Manager – Data Architect – Artificial Intelligence & Data,https://www.jobs.ch/en/vacancies/detail/fe51433d-fe3e-41f3-b178-5dbd47431f6e/,2 days ago,Geneva,80 – 100%,Unlimited employment,Deloitte AG
data%20architect,Data Platform Architect,https://www.jobs.ch/en/vacancies/detail/3c90d8ba-d658-4abd-b8d5-81c8a49506fd/,Last year,Pfaeffikon (Summelenweg),100%,Unlimited employment,LGT Capital Partners AG
data%20architect,Data Architect Intern,https://www.jobs.ch/en/vacancies/detail/b765faac-48e3-44b9-bcd3-c2f570a96e74/,3 quarters ago,Basel (City),100%,Novartis AG,Not specified
data%20architect,Data Architect - Data Product Owner 80-100%,https://www.jobs.ch/en/vacancies/detail/7d92986b-daf0-45ba-ad14-51d67a9d804e/,3 weeks ago,Colombier,80 – 100%,Unlimited employment,Banque cantonale neuchâteloise
data%20architect,"Data Engineer (pySpark, Azure Synapse)",https://www.jobs.ch/en/vacancies/detail/f5a468a1-1446-4afe-9f85-90ebbcaf9bbb/,Last month,Geneva,100%,Unlimited employment,Capgemini Suisse SA
data%20architect,"Sicheres, gewinnendes Auftreten und Freude am Umgang mit Kunden",https://www.jobs.ch/en/vacancies/detail/5d4a28a1-6b75-4f01-a293-7f06bed99e89/,3 quarters ago,Zürich,100%,Unlimited employment,Polynorm Software AG
data%20architect,Technical Associate Director Data Architecture,https://www.jobs.ch/en/vacancies/detail/15cbebd0-29b9-4029-879e-5c21504515d5/,Last quarter,Basel (City),100%,Novartis AG,Not specified
data%20architect,Senior Data Engineer (m/w/d),https://www.jobs.ch/en/vacancies/detail/18d19f49-6884-40bc-8065-14a79c9145ef/,11 hours ago,Basel,80 – 100%,Unlimited employment,Rocken®
data%20architect,Salesforce & Data Platform Architect (80%),https://www.jobs.ch/en/vacancies/detail/733afcc8-a402-46ba-9442-fd525360ce5e/,2 months ago,Zurich,80%,Unlimited employment,WWF Schweiz
data%20architect,IT Solution Architect Cloud (m/w/d),https://www.jobs.ch/en/vacancies/detail/8dafbd45-2bc8-4a43-bf0b-34919c845516/,5 hours ago,Zürich,80 – 100%,Unlimited employment,Rocken®
data%20architect,Freelancer - Experienced Data Migration & Cut-Over Architect,https://www.jobs.ch/en/vacancies/detail/1d3fa0b4-6658-4c6a-8d6a-56fd5983f01a/,Last week,Zürich,100%,KPMG,Not specified
big%20data%20analyst,Spezialist Ereignisanalyse und Erfahrungsauswertung 80% - 100% (alle),https://www.jobs.ch/en/vacancies/detail/04c4d29e-3e85-40ab-a240-a554f5bc6956/,2 days ago,Kernkraftwerk Gösgen-Däniken AG,100%,Unlimited employment,Kernkraftwerk Gösgen-Däniken
big%20data%20analyst,ML / Data Science Specialist (80-100%),https://www.jobs.ch/en/vacancies/detail/2bd5fe01-6578-4f61-9f65-60c78bdea265/,19 hours ago,Bern,80 – 100%,Unlimited employment,DV Bern
big%20data%20analyst,Statistische*r Datanalyst*in (60% bis 100%),https://www.jobs.ch/en/vacancies/detail/97aafa5b-0aac-4198-b784-b67b81b529c2/,4 days ago,Bern,60 – 100%,Unlimited employment,SwissDRG AG
big%20data%20analyst,(Senior) Data Science & Data Analytics Consultant 60-100%,https://www.jobs.ch/en/vacancies/detail/5db6db8f-fa05-4456-ad0a-3c317ad00001/,5 days ago,"Zürich, Lausanne, Bern",60 – 100%,Unlimited employment,Eraneos Switzerland AG
big%20data%20analyst,Working student in Business Intelligence/ Data analytics (f/m/d),https://www.jobs.ch/en/vacancies/detail/458511d8-5568-4927-bf71-50bfba735a8b/,Last week,Gümlingen,40 – 50%,Unlimited employment,Schneider Electric (Schweiz) AG
big%20data%20analyst,Head of AI & Data Science (a),https://www.jobs.ch/en/vacancies/detail/3e31c273-be96-4b5a-9cc5-197ed73afa67/,Yesterday,Neuchâtel (Hybrid),100%,Unlimited employment,Consult & Pepper AG
big%20data%20analyst,Analyste de données pour le controlling des achats,https://www.jobs.ch/en/vacancies/detail/53fa846d-bd0d-4ec2-94ac-c067bd11b372/,3 weeks ago,Berne et travail à domicile,80 – 100%,Unlimited employment,Office fédéral constructions et logistique OFCL
big%20data%20analyst,"Head of Data Engineering (f/m/d) | 80-100% | Hybrid working model | Zurich, Switzerland",https://www.jobs.ch/en/vacancies/detail/ef10c72e-4036-4003-9d53-7d4506ae97c9/,Last week,Zürich,80 – 100%,Unlimited employment,SMG Swiss Marketplace Group
big%20data%20analyst,Data Analyst (Focus Online-Shops),https://www.jobs.ch/en/vacancies/detail/2a56d90d-aa8a-4e66-9b6a-a56901c79fbf/,Last month,Mägenwil,80 – 100%,Unlimited employment,Brack.Alltron AG
big%20data%20analyst,Datenanalyst/-in Polizeiliche Lage 100%,https://www.jobs.ch/en/vacancies/detail/acaa5589-8677-4dc3-a8e2-9f0ad2f7a758/,3 weeks ago,Bern,100%,Unlimited employment,Kantonspolizei Bern
big%20data%20analyst,(Senior) Data Analyst Marketing (m/f/d),https://www.jobs.ch/en/vacancies/detail/aeb1d50a-523d-4413-bc88-b271df9117c9/,Last week,Zürich,80 – 100%,Unlimited employment,Digitec Galaxus AG
big%20data%20analyst,Datenanalyst/-in Beschaffungscontrolling,https://www.jobs.ch/en/vacancies/detail/68a2d998-d203-4a4d-ac0c-d433c7ae20c3/,3 weeks ago,Berna,80 – 100%,Unlimited employment,Bundesamt für Bauten und Logistik BBL
big%20data%20analyst,Principal Machine Learning Engineer,https://www.jobs.ch/en/vacancies/detail/d59c316b-8aa2-46af-80da-e69c5b0429e4/,Last week,Bern,100%,Unlimited employment,machineMD AG
big%20data%20analyst,Data Scientist,https://www.jobs.ch/en/vacancies/detail/9de7145c-d836-4e00-9b5d-d5f68d83d2ab/,2 weeks ago,Lausanne,80 – 100%,Unlimited employment,SamanTree Medical (Switzerland) SA
big%20data%20analyst,Responsable des données de comptage à 100%,https://www.jobs.ch/en/vacancies/detail/bdcfd2f0-b01d-4f03-afa5-fff7557f9330/,3 days ago,Nyon,100%,Unlimited employment,Ville de Nyon
big%20data%20analyst,Digital Biomarker - Data Scientist (m/f/d) (LSW) - BS,https://www.jobs.ch/en/vacancies/detail/990475c3-0da6-45ea-a51d-43a02eb70c77/,5 hours ago,Basel,80 – 100%,Temporary,Manpower SA
big%20data%20analyst,Business Data Specialist,https://www.jobs.ch/en/vacancies/detail/5da3cfe7-b0ee-4725-9f8c-2f89707eb6c2/,Yesterday,Chavornay,100%,Unlimited employment,SICPA
big%20data%20analyst,Group Data Architect - 100% Be the architect of data that drives innovation across Europe's leading,https://www.jobs.ch/en/vacancies/detail/dc8b0893-15b2-4e21-b586-461031371cb5/,2 weeks ago,"Cham, Switzerland",100%,Unlimited employment,Selecta AG
big%20data%20analyst,Data Scientist Asset Finance & Information (alle),https://www.jobs.ch/en/vacancies/detail/00aed0e6-ee7e-49d1-8045-08d88f37c81d/,2 days ago,Ostermundigen,80 – 100%,Unlimited employment,BKW Energie AG
big%20data%20analyst,Data Rule Manager (w/m/d),https://www.jobs.ch/en/vacancies/detail/a0d14834-e4c8-4542-950f-806d3ebd967a/,Yesterday,Zürich,80 – 100%,Temporary,M-Industrie
big%20data%20analyst,Pricing & Data Analyst (m/w/d) - Pensum 50%,https://www.jobs.ch/en/vacancies/detail/46607273-f16b-4abc-859b-30aee20a4a39/,2 weeks ago,Reinach BL,50%,Unlimited employment,Montagetechnik BERNER AG
big%20data%20analyst,Senior Data Analyst (m/w/d) 80-100%,https://www.jobs.ch/en/vacancies/detail/ece83ac1-bf77-4243-a7da-4d7b9b07b81b/,2 weeks ago,Volketswil,80 – 100%,Unlimited employment,blue Entertainment AG
big%20data%20analyst,Projektleiter:in Aufbau Geschäftsstelle FaBe PSM,https://www.jobs.ch/en/vacancies/detail/19eb2a5c-f355-4dd7-b0b0-518591277d6a/,Last month,Bern,80 – 100%,Unlimited employment,Lutz & Partner AG Human Resources
big%20data%20analyst,Mitarbeiter/-in Kundensupport Heimtiere (Customer Contact Center) in D/F (w/m/d) 80–100%,https://www.jobs.ch/en/vacancies/detail/b72d714d-ec9e-4d6f-93a2-a3ff27ac3e70/,Last week,Bern,80 – 100%,Unlimited employment,Identitas AG
big%20data%20analyst,Data Analyst Officer,https://www.jobs.ch/en/vacancies/detail/3310c62e-e3bc-4ab4-acd0-350d47a25766/,2 weeks ago,Geneva,100%,Unlimited employment,International Labour Organization (ILO)
big%20data%20analyst,Data Scientist/Analyst Group Internal Audit 100% (f/m/d),https://www.jobs.ch/en/vacancies/detail/36f3f14d-0951-4f86-8baf-bf3173906b57/,2 days ago,Zürich,100%,Bank Julius Bär & Co. AG,Not specified
big%20data%20analyst,Data Analyst,https://www.jobs.ch/en/vacancies/detail/18888e01-1c25-4db5-918d-2c3b77e3f567/,Last quarter,"Warsaw, Masovian Voivodeship, Poland",100%,Unlimited employment,Scandit AG
big%20data%20analyst,Data Scientist (m/w/d),https://www.jobs.ch/en/vacancies/detail/98e38798-f818-411c-850a-85e2fca3caf6/,Yesterday,Basel,80 – 100%,Unlimited employment,Rocken®
big%20data%20analyst,Financial Instrument Data Specialist 100% f/m/d,https://www.jobs.ch/en/vacancies/detail/00dbd679-97ca-4b00-bc53-16327db2c192/,3 weeks ago,Zürich,100%,Bank Julius Bär & Co. AG,Not specified
big%20data%20analyst,"stagiaire en droit (h/f) - 100%, entrée en fonction le le 1er février 2026 ou le 1er mai 2026 (Indiquer la date de début de stage préférée lors de la candidature)",https://www.jobs.ch/en/vacancies/detail/e326fcd1-8159-47e5-9d66-01b0f5933339/,3 months ago,Bern,100%,Unlimited employment,Eidgenössisches Institut für Geistiges Eigentum
big%20data%20analyst,Data Analyst,https://www.jobs.ch/en/vacancies/detail/3491e2d9-d3fc-49cf-be0d-18c264e6f40f/,Last quarter,Tampere,100%,Unlimited employment,Scandit AG
big%20data%20analyst,Senior Data Scientist,https://www.jobs.ch/en/vacancies/detail/b5f4ec3c-e1a1-47d3-9b75-c32a2f3cbe7e/,2 months ago,Zürich,100%,On AG,Not specified
big%20data%20analyst,"Data Analytics Consultant (Zurich, Switzerland)",https://www.jobs.ch/en/vacancies/detail/8af26909-d4b8-4a09-8223-edbbebb00150/,Last year,Zürich,100%,Unlimited employment,D ONE Value Creation AG
big%20data%20analyst,Business Data Specialist,https://www.jobs.ch/en/vacancies/detail/3fdd45f0-29cf-465f-aa23-86eabf1ffb8d/,2 months ago,Chavornay,100%,Unlimited employment,SICPA HOLDING SA
big%20data%20analyst,Open Application: Zurich,https://www.jobs.ch/en/vacancies/detail/dc4cdc16-3b69-4b10-9a8a-bb831d8c2650/,Last year,Zurich,100%,Unlimited employment,KCAP GmbH
big%20data%20analyst,(Senior) Data Science & Data Analytics Consultant 60-100%,https://www.jobs.ch/en/vacancies/detail/146052e2-d801-40f3-af1b-d4530b29b271/,Last year,Zurich,60 – 100%,Unlimited employment,Eraneos Switzerland AG
big%20data%20analyst,Clinical Data Analyst/Statistician at Santhera Pharmaceuticals,https://www.jobs.ch/en/vacancies/detail/8506282c-5849-4c1c-beab-169cea03e455/,2 quarters ago,Pratteln,100%,Unlimited employment,Santhera Pharmaceuticals (Schweiz) AG
big%20data%20analyst,Data Analyst / Data Engineer Messtechnik,https://www.jobs.ch/en/vacancies/detail/b325b223-ff7b-4d35-8fe8-c90278485e55/,3 weeks ago,Dietikon,80 – 100%,Unlimited employment,enersuisse ag
big%20data%20analyst,Senior Data Analyst (m/w/d) 80-100%,https://www.jobs.ch/en/vacancies/detail/554811b5-0ccb-4a03-80c8-af0182884392/,2 weeks ago,Volketswil,80 – 100%,Unlimited employment,Blue Entertainment AG
big%20data%20analyst,Data & Analytics Manager / Expert,https://www.jobs.ch/en/vacancies/detail/922562dc-cc55-46c5-91bc-fecb017c2e11/,3 months ago,LIS,100%,Unlimited employment,"Unilabs, Laboratoire d'analyses médicales SA"
data%20python,Research Associate Spine (a) 100%,https://www.jobs.ch/en/vacancies/detail/a6a386a9-7bb0-4179-821e-ed39052142ff/,Last week,"Lengghalde 2, Zürich",100%,Unlimited employment,Schulthess Klinik
data%20python,"Cloud Operations Engineer (all genders), 80-100%",https://www.jobs.ch/en/vacancies/detail/332843db-82c8-4a8c-b950-4c391a3457b8/,Last week,"Baar, Baden, Bern, Zürich",80 – 100%,Unlimited employment,BSI Business Systems Integration AG
data%20python,"Data Engineer, 80-100%",https://www.jobs.ch/en/vacancies/detail/439d4881-1520-486e-b1f7-339b1fc47959/,Yesterday,Zürich,80 – 100%,Unlimited employment,VZ VermögensZentrum
data%20python,Data Rule Manager (w/m/d),https://www.jobs.ch/en/vacancies/detail/a0d14834-e4c8-4542-950f-806d3ebd967a/,Yesterday,Zürich,80 – 100%,Temporary,M-Industrie
data%20python,Data Engineer (m/f/d) - 100%,https://www.jobs.ch/en/vacancies/detail/c54a3bfd-110d-49a5-b143-4bcacf471a93/,Yesterday,Baar ZG,5%,Unlimited employment,ITech Consult AG
data%20python,Senior Data Engineer,https://www.jobs.ch/en/vacancies/detail/6fc9b0f2-8346-44d5-b3ae-ec06a3b54f19/,3 days ago,Lucerne,80 – 100%,Unlimited employment,CHF 130 000 - 145 000 /year
data%20python,Head of AI & Data Science (a),https://www.jobs.ch/en/vacancies/detail/3e31c273-be96-4b5a-9cc5-197ed73afa67/,Yesterday,Neuchâtel (Hybrid),100%,Unlimited employment,Consult & Pepper AG
data%20python,Data Engineer,https://www.jobs.ch/en/vacancies/detail/417b806b-f70f-4002-8cc4-a732404025ce/,3 days ago,Lausanne,100%,Unlimited employment,CHF 83 000 - 102 000 /year
data%20python,Teamlead Data Science & Analytics (w/m/d),https://www.jobs.ch/en/vacancies/detail/9a7ae1d5-03f2-4b1e-b0fd-e57218f531bc/,2 days ago,Zürich,80 – 100%,Unlimited employment,Digitec Galaxus AG
data%20python,(Senior) Data Platform- & Data Engineering-Consultant 60-100%,https://www.jobs.ch/en/vacancies/detail/f6ef2764-327d-4809-b818-0632ddc9ad6a/,5 days ago,Zürich oder Bern,60 – 100%,Unlimited employment,Eraneos Switzerland AG
data%20python,Data Scientist Asset Finance & Information (alle),https://www.jobs.ch/en/vacancies/detail/00aed0e6-ee7e-49d1-8045-08d88f37c81d/,2 days ago,Ostermundigen,80 – 100%,Unlimited employment,BKW Energie AG
data%20python,(Senior) Data Science & Data Analytics Consultant 60-100%,https://www.jobs.ch/en/vacancies/detail/5db6db8f-fa05-4456-ad0a-3c317ad00001/,5 days ago,"Zürich, Lausanne, Bern",60 – 100%,Unlimited employment,Eraneos Switzerland AG
data%20python,Head of Business Analytics (a),https://www.jobs.ch/en/vacancies/detail/461fb2ea-83df-4ba9-a4cb-a599ccc56bd1/,5 hours ago,Zürich,100%,Unlimited employment,CH Media
data%20python,Data Scientist,https://www.jobs.ch/en/vacancies/detail/9de7145c-d836-4e00-9b5d-d5f68d83d2ab/,2 weeks ago,Lausanne,80 – 100%,Unlimited employment,SamanTree Medical (Switzerland) SA
data%20python,Software Developer (80%) - Hybrid (CH only),https://www.jobs.ch/en/vacancies/detail/67d1c404-f715-4c2a-a379-57f1d58baa9c/,12 hours ago,8001 / Zürich,100%,Temporary,Albedis
data%20python,AI Consultant – HCM Transformation (Workday Integration) (m/f/d),https://www.jobs.ch/en/vacancies/detail/aea26be5-36a3-417b-adec-87bb6b2f0885/,5 hours ago,Basel,100%,"Unlimited employment, Temporary",Aequor Consulting GmbH
data%20python,Data Analyst (Focus Online-Shops),https://www.jobs.ch/en/vacancies/detail/2a56d90d-aa8a-4e66-9b6a-a56901c79fbf/,Last month,Mägenwil,80 – 100%,Unlimited employment,Brack.Alltron AG
data%20python,RESPONSABLE DE DONNÉES ÉNERGIE (H/F) à 100%,https://www.jobs.ch/en/vacancies/detail/c08a4f51-bad2-4cb5-b0db-3e635f20055c/,11 hours ago,Crissier,100%,Unlimited employment,SIE SA
data%20python,Biostatistiker/in / Epidemiologe/in (m/w/d) 60-80%,https://www.jobs.ch/en/vacancies/detail/da77729b-cb47-45ef-9944-0677dd2ad8ba/,Yesterday,Zürich,60 – 80%,Unlimited employment,Foundation National Institute for Cancer Epidemiology and Registration (NICER)
data%20python,E-COMMERCE PERFORMANCE ANALYTICS SPECIALIST 100%,https://www.jobs.ch/en/vacancies/detail/907969f3-1384-4825-b727-c917b9c2932e/,Yesterday,2501 Biel/Bienne,100%,Unlimited employment,Swatch AG
data%20python,(Senior) Data Analyst Marketing (m/f/d),https://www.jobs.ch/en/vacancies/detail/aeb1d50a-523d-4413-bc88-b271df9117c9/,Last week,Zürich,80 – 100%,Unlimited employment,Digitec Galaxus AG
data%20python,Werkstudent:in KI-gestütztes Wissensmanagement (20-40%),https://www.jobs.ch/en/vacancies/detail/5360f09a-cd0c-4b93-bc51-1143b8bf402f/,Yesterday,Basel,20 – 40%,"Unlimited employment, Internship, Supplementary income",Schnetzer Puskas Ingenieure AG Basel
data%20python,CHEF(FE) DE PROJET ENERGIE ET EXPLOITATION (80-100%),https://www.jobs.ch/en/vacancies/detail/131e9a8b-deb9-4da3-b7b3-ae7a22e2a541/,Yesterday,Plan-les-Ouates,80 – 100%,Unlimited employment,Energy Management SA
data%20python,Microsoft 365 Engineer/in (m/w) (80% - 100%),https://www.jobs.ch/en/vacancies/detail/7d7fa898-2076-4150-a84d-0864eadb2c65/,Yesterday,Jona,80 – 100%,Unlimited employment,Stadt Rapperswil-Jona
data%20python,Agile Developer in Test,https://www.jobs.ch/en/vacancies/detail/cd849f9e-6ee5-48bc-9062-7ec7abbb7cbe/,Yesterday,Zürich,80 – 100%,Unlimited employment,ti&m AG
data%20python,Business Analyst,https://www.jobs.ch/en/vacancies/detail/07affdc9-76e1-41c9-bb7f-a416f1eef9ac/,Yesterday,Bern,80 – 100%,Unlimited employment,RUAG AG
data%20python,TECHNICAL & QUALITY LEATHER SENIOR EXPERT,https://www.jobs.ch/en/vacancies/detail/5b0156a8-c599-4cd0-924e-d143cc55e021/,2 days ago,Neuchâtel,100%,Unlimited employment,AQC
data%20python,Software Engineer,https://www.jobs.ch/en/vacancies/detail/f09896a6-d070-48db-879c-22b973678bb5/,2 days ago,Yverdon-les-Bains,100%,Unlimited employment,Leclanché e-Mobility SA
data%20python,Scientific Researcher Position (80%),https://www.jobs.ch/en/vacancies/detail/ef2e99e6-4e26-49a3-a6cc-f148fb003856/,2 days ago,Sion,80%,Temporary,Haute Ecole d'Ingénierie
data%20python,Internal Auditor Senior Manager,https://www.jobs.ch/en/vacancies/detail/0c6a27a6-f859-4abf-9944-fb98024a98c0/,2 days ago,Plan-les-Ouates,100%,Unlimited employment,Groupe L'OCCITANE
data%20python,Analytical Cloud Software Engineer (all genders),https://www.jobs.ch/en/vacancies/detail/a487f9b3-279d-489f-bffa-0f743b10ebc0/,3 days ago,Winterthur,80 – 100%,Unlimited employment,AXA
data%20python,System Engineer C5I,https://www.jobs.ch/en/vacancies/detail/e74a04fc-5ec6-4a4f-b45b-1b7ddd829262/,3 days ago,Thun,100%,Unlimited employment,C5I
data%20python,Software Development Engineer in Test (SDET),https://www.jobs.ch/en/vacancies/detail/ca164b35-2778-493e-b1f0-27be6ea1bb7f/,3 days ago,Biel,80 – 100%,Unlimited employment,AKROS AG
data%20python,1 Responsable Etudes et développements ferroviaires (80-100%),https://www.jobs.ch/en/vacancies/detail/4fb55b09-e8cb-4fd9-a37b-4bfec156d07c/,3 days ago,Tavannes,80 – 100%,Unlimited employment,Chemins de fer du Jura
data%20python,Ingénieur réseau / DevOps (f/m/d),https://www.jobs.ch/en/vacancies/detail/cdc1dc6f-0afc-40d6-a4c9-a4ecdb292448/,3 days ago,Petit-Lancy,100%,Unlimited employment,Bechtle Suisse SA
data%20python,Software Engineer,https://www.jobs.ch/en/vacancies/detail/f3935d13-1fc2-40af-8a86-ea995c167ec5/,4 weeks ago,Altdorf UR,80 – 100%,Unlimited employment,Kamuno AG
data%20python,"Business Intelligence Manager 100%, (a)",https://www.jobs.ch/en/vacancies/detail/85110e6b-57b3-431e-9c80-073c71208d75/,Last month,Zug,100%,Unlimited employment,CSN Mining International GmbH
data%20python,Principal Machine Learning Engineer,https://www.jobs.ch/en/vacancies/detail/d59c316b-8aa2-46af-80da-e69c5b0429e4/,Last week,Bern,100%,Unlimited employment,machineMD AG
data%20python,R&D Intern in the field of chemical gas sensors,https://www.jobs.ch/en/vacancies/detail/1c0e4445-af21-4da5-a51a-04d262dc706c/,2 weeks ago,Stäfa,100%,Internship,Sensirion AG
data%20python,E-COMMERCE PERFORMANCE ANALYTICS SPECIALIST 100%,https://www.jobs.ch/en/vacancies/detail/3159a112-b9d3-4452-9cd7-3214c784e0b8/,3 weeks ago,"2501 Biel/Bienne, CH-BE",100%,Unlimited employment,Swatch AG
data%20python,Research Associate Spine (a) 100%,https://www.jobs.ch/en/vacancies/detail/a6a386a9-7bb0-4179-821e-ed39052142ff/,Last week,"Lengghalde 2, Zürich",100%,Unlimited employment,Schulthess Klinik
data%20python,"Praktikantin / Praktikant Kriminalanalyse (80 - 100 %), befristet für 6 bis 12 Monate",https://www.jobs.ch/en/vacancies/detail/979a992c-dc94-4445-ab9a-31484d310f01/,Last week,Zug,80 – 100%,Internship,Zuger Polizei
